index,mean,sd,eti89_lb,eti89_ub,ess_bulk,ess_tail,r_hat,mcse_mean,mcse_sd,run_id,exported_at,source_sha,source_dirty
beta[feat_analyst_rating],0.3312949428551823,0.005187255513668784,0.3230253864266277,0.33957538366329826,11181.543930671196,6318.498237512524,1.0002441606296577,4.908597004073143e-05,3.4600272206897906e-05,6efb530d5881,2026-08-27 03:27:53.469986+00:00,e73524306a17f3dea14a325c3f99ec064e335b1f,True
beta[feat_coverage_drift],-0.005341401399405627,0.005854172441725555,-0.014608541901008892,0.004040934392049779,16491.227502438956,6212.768208515099,0.9998133837559664,4.565482943621316e-05,3.2470806109234233e-05,6efb530d5881,2026-08-27 03:27:53.469986+00:00,e73524306a17f3dea14a325c3f99ec064e335b1f,True
beta[feat_eps_signal_beat],-0.005117706974454418,0.005285671089300027,-0.013619138228534533,0.003399785517730646,13140.041864498886,6832.754191623226,1.0005451409072943,4.610366748479865e-05,3.137287894345055e-05,6efb530d5881,2026-08-27 03:27:53.469986+00:00,e73524306a17f3dea14a325c3f99ec064e335b1f,True
beta[feat_eps_signal_coverage],-0.07118570448444043,0.005283553328049034,-0.07966229820359899,-0.06285797832528092,11424.234810777913,6491.283260454595,1.0021694174174085,4.9417719722271565e-05,3.422837220307765e-05,6efb530d5881,2026-08-27 03:27:53.469986+00:00,e73524306a17f3dea14a325c3f99ec064e335b1f,True
beta[feat_mcap_country_r],0.08066412073807495,0.0074236173690360755,0.0688201126508796,0.0925983229390912,6105.587735444294,6031.623711202317,1.0007620402046358,9.496509990192484e-05,6.7801592771355e-05,6efb530d5881,2026-08-27 03:27:53.469986+00:00,e73524306a17f3dea14a325c3f99ec064e335b1f,True
beta[feat_median_piotroski_f_score],-0.020801109965557254,0.005234155326074807,-0.02916684348565868,-0.012315953147717192,11521.329323241393,7234.967992808464,1.0012126239618875,4.8786373682850075e-05,3.41660219839617e-05,6efb530d5881,2026-08-27 03:27:53.469986+00:00,e73524306a17f3dea14a325c3f99ec064e335b1f,True
beta[feat_net_eps_drift],0.008121063806470492,0.004866531798706483,0.0004723202068239477,0.015692238482279706,17250.4626481192,6714.699559333055,1.0009054085397495,3.7076054584135845e-05,2.649020387489231e-05,6efb530d5881,2026-08-27 03:27:53.469986+00:00,e73524306a17f3dea14a325c3f99ec064e335b1f,True
beta[feat_pt_achievement_1y],-0.40460426888216044,0.00589268710167857,-0.41383323868723065,-0.3950414908425322,10961.360811972227,7100.269031556455,0.9996772703746217,5.62687046915193e-05,4.033999891508735e-05,6efb530d5881,2026-08-27 03:27:53.469986+00:00,e73524306a17f3dea14a325c3f99ec064e335b1f,True
beta[feat_pt_range_hit_rate],0.06978379369157105,0.004390528166331643,0.06284479205812862,0.07685178897019507,13309.685844326228,6720.635074408011,0.9997391679890518,3.81163162776778e-05,2.652181038844435e-05,6efb530d5881,2026-08-27 03:27:53.469986+00:00,e73524306a17f3dea14a325c3f99ec064e335b1f,True
log_sigma_total,-0.5525039531193672,0.02470277630645519,-0.592456762320467,-0.5120885573847986,1489.1247924115748,2334.509593805203,1.0004422679538145,0.0006398046934100371,0.0004554675090637246,6efb530d5881,2026-08-27 03:27:53.469986+00:00,e73524306a17f3dea14a325c3f99ec064e335b1f,True
alpha_time_free[step0],-0.1396150261495135,0.00779840076714688,-0.1521398095857385,-0.12729313700159778,13136.026694097127,7187.670387773651,0.999658649641861,6.806751027772975e-05,4.7910773427665805e-05,6efb530d5881,2026-08-27 03:27:53.469986+00:00,e73524306a17f3dea14a325c3f99ec064e335b1f,True
alpha_time_free[step1],0.033322520548615044,0.00622526822837393,0.023338457291888704,0.043241051899002535,12545.708091733335,7243.117058166762,1.000198105703703,5.559913692072912e-05,3.8271856637858474e-05,6efb530d5881,2026-08-27 03:27:53.469986+00:00,e73524306a17f3dea14a325c3f99ec064e335b1f,True
alpha_time_free[step2],0.031830187688679026,0.00211789399019819,0.028441452026776778,0.03516813877208433,17579.873847019644,5960.218114131958,1.0014024919306632,1.5964495768236663e-05,1.1403229651067459e-05,6efb530d5881,2026-08-27 03:27:53.469986+00:00,e73524306a17f3dea14a325c3f99ec064e335b1f,True
sigma_delta_vol_level,0.36107438417413457,0.007068584831669905,0.3497074387316342,0.3725072956648924,8488.716534089695,6621.545626685637,1.0004646644454682,7.676146480881284e-05,5.4048664981548926e-05,6efb530d5881,2026-08-27 03:27:53.469986+00:00,e73524306a17f3dea14a325c3f99ec064e335b1f,True
sigma_delta_log_mcap,-0.039737216347090674,0.007436898339228976,-0.05155667039691957,-0.027840634744094636,2770.2202012286903,4165.104732220638,0.9999866906372078,0.00014128154809893583,0.00010007493380571701,6efb530d5881,2026-08-27 03:27:53.469986+00:00,e73524306a17f3dea14a325c3f99ec064e335b1f,True
sigma_delta_range,0.06061737842317248,0.006446761814458228,0.050472151110612186,0.07087281196784742,7830.891739693947,5924.481025837531,1.0000313333111845,7.289997003538693e-05,5.102743304663038e-05,6efb530d5881,2026-08-27 03:27:53.469986+00:00,e73524306a17f3dea14a325c3f99ec064e335b1f,True
trading_region_effect[Africa / Middle East],0.011380981959925016,0.015823168053235345,-0.013612550807881246,0.03671377547330866,10137.509146445067,6643.601050855175,1.0011943369773637,0.00015763810098084322,0.00011201786015046646,6efb530d5881,2026-08-27 03:27:53.469986+00:00,e73524306a17f3dea14a325c3f99ec064e335b1f,True
trading_region_effect[Asia / Pacific],-0.12407448183777253,0.009829560724178964,-0.1398286028737952,-0.1085996626672147,8285.886079958711,6876.849283655782,1.0003893937255455,0.0001079447385844007,7.76234409169634e-05,6efb530d5881,2026-08-27 03:27:53.469986+00:00,e73524306a17f3dea14a325c3f99ec064e335b1f,True
trading_region_effect[Europe],-0.16315857180048293,0.00865663785234481,-0.17684456881457852,-0.1494309895449961,11930.374743798324,6867.186206958511,1.0000094729219426,7.917895627083873e-05,5.579714921389668e-05,6efb530d5881,2026-08-27 03:27:53.469986+00:00,e73524306a17f3dea14a325c3f99ec064e335b1f,True
trading_region_effect[Latin America and Caribbean],0.27407500882381497,0.018485397950293875,0.2448821134198575,0.30382889968195315,8258.14471476326,6625.153035097892,0.9999914660678503,0.00020344587259988378,0.00014764290734919049,6efb530d5881,2026-08-27 03:27:53.469986+00:00,e73524306a17f3dea14a325c3f99ec064e335b1f,True
trading_region_effect[United States and Canada],0.0017770628545155035,0.009546203891113875,-0.013549924885776183,0.01702062159648644,11593.181124918125,6929.975513753302,1.0003619104081063,8.866426249595386e-05,6.148464901985508e-05,6efb530d5881,2026-08-27 03:27:53.469986+00:00,e73524306a17f3dea14a325c3f99ec064e335b1f,True
sector_effect[Communication Services],-0.0166594156754781,0.01817555574107027,-0.0457523317255528,0.012583918892040928,18202.136641833727,5282.7822670699525,1.0014203858087585,0.00013483596585038646,9.484771320631274e-05,6efb530d5881,2026-08-27 03:27:53.469986+00:00,e73524306a17f3dea14a325c3f99ec064e335b1f,True
sector_effect[Consumer Discretionary],-0.019181262435896955,0.01214860497056136,-0.03860956076413092,-0.0001908711609472234,16511.96918659722,6357.111629532459,1.000316482791656,9.445404820201545e-05,6.467333189384789e-05,6efb530d5881,2026-08-27 03:27:53.469986+00:00,e73524306a17f3dea14a325c3f99ec064e335b1f,True
sector_effect[Consumer Staples],-0.02562885062473552,0.014444867182012227,-0.04863822982315245,-0.0023892015156773876,18849.50139875008,6340.402584084059,1.0003883227352357,0.00010453105990363935,7.43380811560414e-05,6efb530d5881,2026-08-27 03:27:53.469986+00:00,e73524306a17f3dea14a325c3f99ec064e335b1f,True
sector_effect[Energy],0.105836603937669,0.01827482425947675,0.07699540541947127,0.134978454086148,15472.108942625844,6613.334791720278,0.9998633976578687,0.00014704543836898786,0.00010544609041095202,6efb530d5881,2026-08-27 03:27:53.469986+00:00,e73524306a17f3dea14a325c3f99ec064e335b1f,True
sector_effect[Financials],-0.06268092712843185,0.011527680497240607,-0.08118520821777338,-0.04450869251649031,10244.07003029526,6652.383889833733,1.000087049753123,0.00011388874921284768,7.95915405442407e-05,6efb530d5881,2026-08-27 03:27:53.469986+00:00,e73524306a17f3dea14a325c3f99ec064e335b1f,True
sector_effect[Health Care],0.09340831962363151,0.014478290991645276,0.07012799869242632,0.116858944460325,16869.75883142541,6076.940267915145,1.0005859495569123,0.00011127344492637754,7.836898000458106e-05,6efb530d5881,2026-08-27 03:27:53.469986+00:00,e73524306a17f3dea14a325c3f99ec064e335b1f,True
sector_effect[Industrials],0.017365800982810767,0.01032633572028016,0.00045534258516176856,0.033762459444014056,15842.36103985639,6556.322810068306,1.0008876570480767,8.213221991973384e-05,5.823910711809345e-05,6efb530d5881,2026-08-27 03:27:53.469986+00:00,e73524306a17f3dea14a325c3f99ec064e335b1f,True
sector_effect[Information Technology],-0.011292692411896005,0.015525244213650424,-0.03624026935831855,0.013629700779658308,15200.765006613514,6186.913475373331,1.0005819900561255,0.00012575882354057844,9.12858049052331e-05,6efb530d5881,2026-08-27 03:27:53.469986+00:00,e73524306a17f3dea14a325c3f99ec064e335b1f,True
sector_effect[Materials],0.016653523429021797,0.014641349554692663,-0.006789126949706292,0.03981423475714258,16315.48665424572,5794.211263636782,1.0002034512285232,0.00011458640501552882,8.283502836419824e-05,6efb530d5881,2026-08-27 03:27:53.469986+00:00,e73524306a17f3dea14a325c3f99ec064e335b1f,True
sector_effect[Real Estate],-0.017970869313378393,0.021271586871249876,-0.05249498055437874,0.015843954218899076,16690.173482446986,6211.011260773023,1.0004475548810925,0.00016478343015406476,0.00011509370218463329,6efb530d5881,2026-08-27 03:27:53.469986+00:00,e73524306a17f3dea14a325c3f99ec064e335b1f,True
sector_effect[Utilities],-0.07985023038331628,0.017975626542344986,-0.10832987952346629,-0.051099545965075606,9906.93422798009,6302.469108098811,1.0006107919072382,0.00018059651234821658,0.0001266341251325271,6efb530d5881,2026-08-27 03:27:53.469986+00:00,e73524306a17f3dea14a325c3f99ec064e335b1f,True
style_class_effect[Core],-0.0015842753532482891,0.005975446138633925,-0.011061857022932992,0.007997416832840026,13813.02160348032,6834.249293326229,1.000538482562592,5.084624522711623e-05,3.570542319600538e-05,6efb530d5881,2026-08-27 03:27:53.469986+00:00,e73524306a17f3dea14a325c3f99ec064e335b1f,True
style_class_effect[Growth],-0.010819762862344094,0.009177052356632185,-0.02554600304823984,0.0037968403541784757,12393.880012765267,6775.4994598612575,0.9997979340846205,8.245681289406582e-05,5.738316268083951e-05,6efb530d5881,2026-08-27 03:27:53.469986+00:00,e73524306a17f3dea14a325c3f99ec064e335b1f,True
style_class_effect[Value],0.012404038215592383,0.0073033764801011215,0.0004824403765959171,0.02411217835501248,13908.04060795902,6844.638080799293,1.0001613908436948,6.194836957606112e-05,4.417872920825328e-05,6efb530d5881,2026-08-27 03:27:53.469986+00:00,e73524306a17f3dea14a325c3f99ec064e335b1f,True
size_class_effect[Large Cap],-0.01713174866184918,0.007736481623074554,-0.02955933916619426,-0.0047270992236739156,9684.399029481418,6688.738233009491,1.000006302533395,7.853456274595325e-05,5.36997780157421e-05,6efb530d5881,2026-08-27 03:27:53.469986+00:00,e73524306a17f3dea14a325c3f99ec064e335b1f,True
size_class_effect[Mid Cap],-0.0050872735539363514,0.0064430897268722325,-0.015439104008200978,0.0052435290208661155,17413.771067578742,6427.600728031581,1.0007255889666253,4.8815267477510714e-05,3.42083811370935e-05,6efb530d5881,2026-08-27 03:27:53.469986+00:00,e73524306a17f3dea14a325c3f99ec064e335b1f,True
size_class_effect[Small Cap],0.022219022215785537,0.007996691015544712,0.009405109294976767,0.03491896475995237,7282.399637660858,6573.605617036754,1.0005201322485227,9.362421578773479e-05,6.51145077324661e-05,6efb530d5881,2026-08-27 03:27:53.469986+00:00,e73524306a17f3dea14a325c3f99ec064e335b1f,True
rho_inf,0.002768925727631614,0.0018999342456137327,0.0005385777598889369,0.006298675364317736,12568.20675339164,5243.942172735972,1.0017415477935803,1.548847060134264e-05,1.6690049122950365e-05,6efb530d5881,2026-08-27 03:27:53.469986+00:00,e73524306a17f3dea14a325c3f99ec064e335b1f,True
obs_share,0.0003999460658417562,0.0002791808655460776,7.746744528914351e-05,0.0009084829681235128,13268.343690447362,4723.66300080086,1.0000888064897946,2.187050820009721e-06,2.4331144619590894e-06,6efb530d5881,2026-08-27 03:27:53.469986+00:00,e73524306a17f3dea14a325c3f99ec064e335b1f,True
ou_length_scale_days,83.4685103736839,1.8297135236491189,80.54726988140445,86.37002163724598,8849.254463853846,5912.9130981048775,0.9998421154449704,0.019443879690747443,0.013591695742051556,6efb530d5881,2026-08-27 03:27:53.469986+00:00,e73524306a17f3dea14a325c3f99ec064e335b1f,True
sigma_n_exponent,0.3029012383068289,0.02091768344881693,0.26975698104794876,0.3364150608816189,1560.701275121658,2371.1071376347704,1.0003880862606849,0.0005289744517377003,0.00037634571378417374,6efb530d5881,2026-08-27 03:27:53.469986+00:00,e73524306a17f3dea14a325c3f99ec064e335b1f,True
sigma_sector_offset[Communication Services],0.036695251821532354,0.022998342301384846,-0.00012734178799313683,0.07382466084761938,17424.542672558837,5082.879093684035,1.0005801187267522,0.00017423221231299566,0.00012335783689790546,6efb530d5881,2026-08-27 03:27:53.469986+00:00,e73524306a17f3dea14a325c3f99ec064e335b1f,True
sigma_sector_offset[Consumer Discretionary],-0.009972176317744526,0.015351282482243241,-0.03459984933186273,0.01476777843220864,14496.95101414615,6211.355889005583,1.0003318059845467,0.00012784548925981362,8.771591245483471e-05,6efb530d5881,2026-08-27 03:27:53.469986+00:00,e73524306a17f3dea14a325c3f99ec064e335b1f,True
sigma_sector_offset[Consumer Staples],0.005626157336581577,0.018879270687713882,-0.02421129545156217,0.03613615277876051,17062.721204543897,5625.347983825171,1.0004989585594555,0.0001443353592381495,0.00010417437742521342,6efb530d5881,2026-08-27 03:27:53.469986+00:00,e73524306a17f3dea14a325c3f99ec064e335b1f,True
sigma_sector_offset[Energy],-0.0327618558160093,0.023042746194373014,-0.06886644656584207,0.004276903805947457,19898.335743254418,6496.018470994644,1.0007314703393837,0.00016303168746226737,0.00011766854609690934,6efb530d5881,2026-08-27 03:27:53.469986+00:00,e73524306a17f3dea14a325c3f99ec064e335b1f,True
sigma_sector_offset[Financials],-0.07040820908672825,0.01476126584071011,-0.09358215903640046,-0.046425466265937625,12420.78712373591,6218.871769978312,1.000168682275146,0.0001328022547149531,9.293040358631555e-05,6efb530d5881,2026-08-27 03:27:53.469986+00:00,e73524306a17f3dea14a325c3f99ec064e335b1f,True
sigma_sector_offset[Health Care],0.14383332236875518,0.016216557686063632,0.1179116420117801,0.16987047320880214,14027.841982510114,6223.156678975573,1.0002630284160359,0.00013678368742885675,9.776909349764453e-05,6efb530d5881,2026-08-27 03:27:53.469986+00:00,e73524306a17f3dea14a325c3f99ec064e335b1f,True
sigma_sector_offset[Industrials],-0.008536854166592125,0.012992869575836466,-0.02913497531614032,0.012408644770772274,13193.876363728596,6454.306086660365,1.000430537428693,0.00011315601424612658,7.898041963028414e-05,6efb530d5881,2026-08-27 03:27:53.469986+00:00,e73524306a17f3dea14a325c3f99ec064e335b1f,True
sigma_sector_offset[Information Technology],0.007745493168863888,0.016866658209881695,-0.019193342198766793,0.03475704305471778,12151.358068049833,6726.278956983025,1.0003404800889693,0.00015299902302260896,0.00010711762362640838,6efb530d5881,2026-08-27 03:27:53.469986+00:00,e73524306a17f3dea14a325c3f99ec064e335b1f,True
sigma_sector_offset[Materials],-0.016102873252429886,0.017464812560707216,-0.04360066611091217,0.01186566399962132,17140.58087102019,6520.413684313264,1.0000673804437488,0.00013327198559625808,9.37398101929181e-05,6efb530d5881,2026-08-27 03:27:53.469986+00:00,e73524306a17f3dea14a325c3f99ec064e335b1f,True
sigma_sector_offset[Real Estate],-0.06604932461796802,0.031640279727839934,-0.11632630560537197,-0.015720582975227552,15756.140283374323,5712.093751337042,1.0002084167632144,0.0002521850257015033,0.00018008733314621905,6efb530d5881,2026-08-27 03:27:53.469986+00:00,e73524306a17f3dea14a325c3f99ec064e335b1f,True
sigma_sector_offset[Utilities],0.0099310685617391,0.027444536286881635,-0.03434663959165903,0.05371301203102483,6219.1076229033815,5704.992661371463,1.000274704285494,0.00034756640407712446,0.0002469140837575493,6efb530d5881,2026-08-27 03:27:53.469986+00:00,e73524306a17f3dea14a325c3f99ec064e335b1f,True
sigma_time_free[step0],1.255229858163053,0.016917880398429837,1.2283972074299363,1.2825487301540746,6861.15928754769,6396.8027429401245,1.0009912017723146,0.0002041341775374665,0.00014264068704904196,6efb530d5881,2026-08-27 03:27:53.469986+00:00,e73524306a17f3dea14a325c3f99ec064e335b1f,True
sigma_time_free[step1],1.1226697426609502,0.013501903043498952,1.1013248311636927,1.1445914971084752,7725.341555396046,6109.1895579946495,1.0004861116168138,0.00015441969338278997,0.00010868598532279382,6efb530d5881,2026-08-27 03:27:53.469986+00:00,e73524306a17f3dea14a325c3f99ec064e335b1f,True
sigma_time_free[step2],1.0286344121906865,0.005258901427579584,1.0202881646470903,1.0370120892136288,15368.257412890725,6503.86152452421,1.0005180446775352,4.244930491757038e-05,3.088707929397355e-05,6efb530d5881,2026-08-27 03:27:53.469986+00:00,e73524306a17f3dea14a325c3f99ec064e335b1f,True
nu_tail,8.50609900753472,0.5617578421255381,7.6441737256049755,9.42664413872415,14524.896428830636,6316.341062504099,1.000516090369489,0.00466608568406488,0.00341555959124163,6efb530d5881,2026-08-27 03:27:53.469986+00:00,e73524306a17f3dea14a325c3f99ec064e335b1f,True
signal_exponent,0.34816788087153605,0.021091116658675236,0.3142296815655636,0.38229145413284404,8451.12887303916,6669.43667427277,1.0005020239687237,0.00022923899820353992,0.00016303579475251986,6efb530d5881,2026-08-27 03:27:53.469986+00:00,e73524306a17f3dea14a325c3f99ec064e335b1f,True
risk_loading,0.11970599817484656,0.08984106802494997,0.01026530828021577,0.28466473671889564,7581.365657895889,3708.8092696405083,1.0003603214322851,0.0008255696377819628,0.0007177703329436228,6efb530d5881,2026-08-27 03:27:53.469986+00:00,e73524306a17f3dea14a325c3f99ec064e335b1f,True
size_loading,0.19956924725903383,0.1508919281267417,0.018265050289782266,0.47448581813007473,6937.162625708747,3774.426904397012,0.9999346008991371,0.0014027842126673508,0.0011919830848751613,6efb530d5881,2026-08-27 03:27:53.469986+00:00,e73524306a17f3dea14a325c3f99ec064e335b1f,True
volume_loading,0.0787202781349327,0.060218034166244494,0.006412368409543886,0.19029524971021058,7046.137537460686,3788.0827791158563,0.9999474276080531,0.0005627285933364589,0.00047264074881372487,6efb530d5881,2026-08-27 03:27:53.469986+00:00,e73524306a17f3dea14a325c3f99ec064e335b1f,True
sigma_trading_region,0.15349202913420285,0.008009331525600202,0.1408905168285067,0.16645579832697305,7933.105028769509,6387.161775427173,1.000567444168874,8.998809223052157e-05,6.514021567191143e-05,6efb530d5881,2026-08-27 03:27:53.469986+00:00,e73524306a17f3dea14a325c3f99ec064e335b1f,True
sigma_sector,0.05638539928678394,0.0051469864078441474,0.04829356590855462,0.06478183215594809,11589.228593063837,6478.571043196646,1.0000600477681405,4.782536183332719e-05,3.3677437204698514e-05,6efb530d5881,2026-08-27 03:27:53.469986+00:00,e73524306a17f3dea14a325c3f99ec064e335b1f,True
sigma_style_class,0.011026009994926724,0.0052275624065668365,0.0033345346650638648,0.020077749957951467,9574.121253529302,7056.2836018340895,1.000198963780004,5.332635537200105e-05,3.677445590745566e-05,6efb530d5881,2026-08-27 03:27:53.469986+00:00,e73524306a17f3dea14a325c3f99ec064e335b1f,True
sigma_size_class,0.017154941307532687,0.005642094740638993,0.008100919334498736,0.02630640731356807,6912.849473767675,6320.919099669895,1.000613604339473,6.777100056941928e-05,4.558580390850266e-05,6efb530d5881,2026-08-27 03:27:53.469986+00:00,e73524306a17f3dea14a325c3f99ec064e335b1f,True
sigma_total,0.575682612311964,0.014226600992347113,0.5529671058508857,0.5992427181478424,1489.1247924115748,2334.509593805203,1.0004422679538145,0.00036846556677044395,0.0002632156105477416,6efb530d5881,2026-08-27 03:27:53.469986+00:00,e73524306a17f3dea14a325c3f99ec064e335b1f,True
rho_inf_by_bucket[q1],0.002768925727631614,0.0018999342456137327,0.0005385777598889369,0.006298675364317736,12568.20675339164,5243.942172735972,1.0017415477935803,1.548847060134264e-05,1.6690049122950365e-05,6efb530d5881,2026-08-27 03:27:53.469986+00:00,e73524306a17f3dea14a325c3f99ec064e335b1f,True
variance_weights[level],0.0037565485852215134,0.0018934783535488936,0.0015335016247643837,0.007270749420639329,12567.947549456081,5243.942172735972,1.001737013903584,1.5436115006730067e-05,1.6632706613896826e-05,6efb530d5881,2026-08-27 03:27:53.469986+00:00,e73524306a17f3dea14a325c3f99ec064e335b1f,True
variance_weights[state],0.9948476926253051,0.0019137562129709453,0.9913320040457126,0.9971251724630105,13238.026384011835,5166.522904212256,1.0011948396702646,1.54667723422236e-05,1.65893623962159e-05,6efb530d5881,2026-08-27 03:27:53.469986+00:00,e73524306a17f3dea14a325c3f99ec064e335b1f,True
variance_weights[observation],0.0013957587894733363,0.00027834582806189194,0.0010742447111556765,0.0019027746441909403,13268.343690447362,4723.66300080086,1.0000900366893892,2.18050929213332e-06,2.4258369511057707e-06,6efb530d5881,2026-08-27 03:27:53.469986+00:00,e73524306a17f3dea14a325c3f99ec064e335b1f,True
sigma_level,0.03427409703187375,0.00841240994337448,0.022488687660172802,0.049016678990463386,12089.957367271541,5267.669960366361,1.0023404770384832,6.970377841214523e-05,5.3795950185417885e-05,6efb530d5881,2026-08-27 03:27:53.469986+00:00,e73524306a17f3dea14a325c3f99ec064e335b1f,True
sigma_state,0.5741975218732576,0.014206279514987836,0.5517022650124299,0.5977293947859172,1491.890117550467,2288.679150228154,1.0004365261161854,0.00036769493653101263,0.0002624970927243822,6efb530d5881,2026-08-27 03:27:53.469986+00:00,e73524306a17f3dea14a325c3f99ec064e335b1f,True
sigma_obs_base,0.02140888061497452,0.0021050542707274677,0.01872324695396751,0.0252362085412018,8933.410409878836,4448.591830401293,1.0002875588862516,2.0197059709772496e-05,1.8071071699261474e-05,6efb530d5881,2026-08-27 03:27:53.469986+00:00,e73524306a17f3dea14a325c3f99ec064e335b1f,True
rho_inf_implied,0.0037617993020536643,0.00189614047424058,0.0015363861627658438,0.007285062640057747,12570.244525651658,5243.942172735972,1.0017396764657776,1.5457401256517285e-05,1.6656682741053703e-05,6efb530d5881,2026-08-27 03:27:53.469986+00:00,e73524306a17f3dea14a325c3f99ec064e335b1f,True
alpha_time[t0],-0.1396150261495135,0.00779840076714688,-0.1521398095857385,-0.12729313700159778,13136.026694097127,7187.670387773651,0.999658649641861,6.806751027772975e-05,4.7910773427665805e-05,6efb530d5881,2026-08-27 03:27:53.469986+00:00,e73524306a17f3dea14a325c3f99ec064e335b1f,True
alpha_time[t1],0.033322520548615044,0.00622526822837393,0.023338457291888704,0.043241051899002535,12545.708091733335,7243.117058166762,1.000198105703703,5.559913692072912e-05,3.8271856637858474e-05,6efb530d5881,2026-08-27 03:27:53.469986+00:00,e73524306a17f3dea14a325c3f99ec064e335b1f,True
alpha_time[t2],0.031830187688679026,0.00211789399019819,0.028441452026776778,0.03516813877208433,17579.873847019644,5960.218114131958,1.0014024919306632,1.5964495768236663e-05,1.1403229651067459e-05,6efb530d5881,2026-08-27 03:27:53.469986+00:00,e73524306a17f3dea14a325c3f99ec064e335b1f,True
alpha_time[t3],0.0,0.0,0.0,0.0,8000.0,8000.0,,0.0,,6efb530d5881,2026-08-27 03:27:53.469986+00:00,e73524306a17f3dea14a325c3f99ec064e335b1f,True
sigma_time[t0],1.255229858163053,0.016917880398429837,1.2283972074299363,1.2825487301540746,6861.15928754769,6396.8027429401245,1.0009912017723146,0.0002041341775374665,0.00014264068704904196,6efb530d5881,2026-08-27 03:27:53.469986+00:00,e73524306a17f3dea14a325c3f99ec064e335b1f,True
sigma_time[t1],1.1226697426609502,0.013501903043498952,1.1013248311636927,1.1445914971084752,7725.341555396046,6109.1895579946495,1.0004861116168138,0.00015441969338278997,0.00010868598532279382,6efb530d5881,2026-08-27 03:27:53.469986+00:00,e73524306a17f3dea14a325c3f99ec064e335b1f,True
sigma_time[t2],1.0286344121906865,0.005258901427579584,1.0202881646470903,1.0370120892136288,15368.257412890725,6503.86152452421,1.0005180446775352,4.244930491757038e-05,3.088707929397355e-05,6efb530d5881,2026-08-27 03:27:53.469986+00:00,e73524306a17f3dea14a325c3f99ec064e335b1f,True
sigma_time[t3],1.0,0.0,1.0,1.0,8000.0,8000.0,,0.0,,6efb530d5881,2026-08-27 03:27:53.469986+00:00,e73524306a17f3dea14a325c3f99ec064e335b1f,True
"within_name_cov[t0, t0]",1.575888211501214,0.04248461442406317,1.5089596992238563,1.6449312452239602,6861.15928754769,6396.8027429401245,1.0009912017723146,0.0005124774807700825,0.00035835194405432806,6efb530d5881,2026-08-27 03:27:53.469986+00:00,e73524306a17f3dea14a325c3f99ec064e335b1f,True
"within_name_cov[t0, t1]",0.0579368867889934,0.004123562794277894,0.051681137662658416,0.06480840492833,13712.661701088484,6248.678593142584,1.0000987815249256,3.50529404925083e-05,2.588602648623728e-05,6efb530d5881,2026-08-27 03:27:53.469986+00:00,e73524306a17f3dea14a325c3f99ec064e335b1f,True
"within_name_cov[t0, t2]",0.022507501287818008,0.0027268060573356224,0.01870015142344897,0.02725732002263543,12964.835615875665,5858.390488559084,1.0004308112980314,2.315743694157076e-05,2.0483115244870342e-05,6efb530d5881,2026-08-27 03:27:53.469986+00:00,e73524306a17f3dea14a325c3f99ec064e335b1f,True
"within_name_cov[t0, t3]",0.020501222237229833,0.002598655960551802,0.01690006422515882,0.025085512734692207,12856.795829233428,5632.315562375126,1.0006325413361317,2.2025841257799652e-05,1.989804355625803e-05,6efb530d5881,2026-08-27 03:27:53.469986+00:00,e73524306a17f3dea14a325c3f99ec064e335b1f,True
"within_name_cov[t1, t0]",0.0579368867889934,0.004123562794277894,0.051681137662658416,0.06480840492833,13712.661701088484,6248.678593142584,1.0000987815249256,3.50529404925083e-05,2.588602648623728e-05,6efb530d5881,2026-08-27 03:27:53.469986+00:00,e73524306a17f3dea14a325c3f99ec064e335b1f,True
"within_name_cov[t1, t1]",1.2605696524722003,0.03032828792817806,1.212916383877996,1.310089695263033,7725.341555396046,6109.1895579946495,1.0004861116168138,0.0003473128964483964,0.000244798462695657,6efb530d5881,2026-08-27 03:27:53.469986+00:00,e73524306a17f3dea14a325c3f99ec064e335b1f,True
"within_name_cov[t1, t2]",0.4241859600316683,0.01012399262531674,0.4082606974098914,0.4404983708975289,15068.523584833565,6652.562520573446,1.0004412563909058,8.245859094399545e-05,5.7944032909359834e-05,6efb530d5881,2026-08-27 03:27:53.469986+00:00,e73524306a17f3dea14a325c3f99ec064e335b1f,True
"within_name_cov[t1, t3]",0.3795348608374145,0.00907836904199484,0.3652121605186015,0.39412025210941576,13920.981641791448,6413.883413890079,1.0001012295602973,7.694394503415747e-05,5.41578138433763e-05,6efb530d5881,2026-08-27 03:27:53.469986+00:00,e73524306a17f3dea14a325c3f99ec064e335b1f,True
"within_name_cov[t2, t0]",0.022507501287818008,0.0027268060573356224,0.01870015142344897,0.02725732002263543,12964.835615875665,5858.390488559084,1.0004308112980314,2.315743694157076e-05,2.0483115244870342e-05,6efb530d5881,2026-08-27 03:27:53.469986+00:00,e73524306a17f3dea14a325c3f99ec064e335b1f,True
"within_name_cov[t2, t1]",0.4241859600316683,0.01012399262531674,0.4082606974098914,0.4404983708975289,15068.523584833565,6652.562520573446,1.0004412563909058,8.245859094399545e-05,5.7944032909359834e-05,6efb530d5881,2026-08-27 03:27:53.469986+00:00,e73524306a17f3dea14a325c3f99ec064e335b1f,True
"within_name_cov[t2, t2]",1.0581164099871043,0.01081971027227559,1.0409879389190486,1.075394073175301,15368.257412890725,6503.86152452421,1.0005176555899824,8.734145125685589e-05,6.359942468588448e-05,6efb530d5881,2026-08-27 03:27:53.469986+00:00,e73524306a17f3dea14a325c3f99ec064e335b1f,True
"within_name_cov[t2, t3]",0.9448426504317838,0.005261923683428172,0.9365028012105372,0.9532916961193627,15862.459341479098,6250.608734670073,1.0007921997619553,4.176538514708579e-05,2.984421085719569e-05,6efb530d5881,2026-08-27 03:27:53.469986+00:00,e73524306a17f3dea14a325c3f99ec064e335b1f,True
"within_name_cov[t3, t0]",0.020501222237229833,0.002598655960551802,0.01690006422515882,0.025085512734692207,12856.795829233428,5632.315562375126,1.0006325413361317,2.2025841257799652e-05,1.989804355625803e-05,6efb530d5881,2026-08-27 03:27:53.469986+00:00,e73524306a17f3dea14a325c3f99ec064e335b1f,True
"within_name_cov[t3, t1]",0.3795348608374145,0.00907836904199484,0.3652121605186015,0.39412025210941576,13920.981641791448,6413.883413890079,1.0001012295602973,7.694394503415747e-05,5.41578138433763e-05,6efb530d5881,2026-08-27 03:27:53.469986+00:00,e73524306a17f3dea14a325c3f99ec064e335b1f,True
"within_name_cov[t3, t2]",0.9448426504317838,0.005261923683428172,0.9365028012105372,0.9532916961193627,15862.459341479098,6250.608734670073,1.0007921997619553,4.176538514708579e-05,2.984421085719569e-05,6efb530d5881,2026-08-27 03:27:53.469986+00:00,e73524306a17f3dea14a325c3f99ec064e335b1f,True
"within_name_cov[t3, t3]",1.0,1.251465633078152e-16,0.9999999999999999,1.0000000000000002,7180.733930786323,6935.865997300853,1.0001344922684392,1.3992685705525556e-18,9.27235720467921e-19,6efb530d5881,2026-08-27 03:27:53.469986+00:00,e73524306a17f3dea14a325c3f99ec064e335b1f,True
nu,11.00609900753472,0.5617578421255381,10.144173725604976,11.92664413872415,14524.896428830636,6316.341062504099,1.000516090369489,0.00466608568406488,0.0034155595912416306,6efb530d5881,2026-08-27 03:27:53.469986+00:00,e73524306a17f3dea14a325c3f99ec064e335b1f,True
