,mean,sd,eti89_lb,eti89_ub,ess_bulk,ess_tail,r_hat,mcse_mean,mcse_sd
exchange_effect[OFEX],0.0211,0.2454,-0.3648,0.422,5020.5944,2338.3755,1.0061,0.0035,0.0024
nu,22.1482,13.8793,6.2358,47.3754,3512.7091,1882.7305,1.005,0.2161,0.2517
unit_effect[RSD],0.0384,0.2397,-0.3354,0.4262,4752.4758,3006.0016,1.0041,0.0035,0.0024
unit_effect[EGP],-0.0054,0.1948,-0.3242,0.301,4535.3772,3031.4583,1.004,0.0029,0.002
exchange_effect[IBSE],0.0997,0.1888,-0.1988,0.4026,6970.4925,3142.4216,1.0036,0.0023,0.0016
unit_effect[TRY],0.0997,0.1912,-0.2015,0.4119,7253.8787,2911.8019,1.0031,0.0022,0.0016
unit_effect[BRL],0.0404,0.1848,-0.2496,0.3396,6369.2486,2769.6504,1.0031,0.0023,0.0017
exchange_effect[OTCPK],0.0933,0.1834,-0.1981,0.3905,4149.4437,2545.8239,1.003,0.0028,0.002
exchange_effect[BELEX],0.0422,0.2401,-0.3441,0.4288,4545.4724,2547.943,1.003,0.0036,0.0026
sigma_base,0.3678,0.0034,0.3624,0.3732,4405.9696,2720.7434,1.003,0.0001,0.0
unit_effect[MYR],-0.1129,0.1782,-0.3994,0.1739,6306.98,3326.0875,1.0029,0.0022,0.0015
exchange_effect[TASE],-0.1006,0.2298,-0.4561,0.2653,4831.9364,3422.5452,1.0029,0.0033,0.0024
exchange_effect[HOSE],0.0573,0.1885,-0.2435,0.3586,5164.8502,2918.7209,1.0028,0.0026,0.0019
unit_effect[DKK],0.008,0.1815,-0.2843,0.2884,6381.9243,3046.253,1.0028,0.0023,0.0016
unit_effect[COP],0.0154,0.2006,-0.3042,0.3359,4756.9443,3134.9812,1.0027,0.0029,0.002
unit_effect[OMR],-0.0012,0.1957,-0.3171,0.3107,4471.7371,3032.8239,1.0027,0.0029,0.002
exchange_effect[DSM],0.0078,0.2012,-0.3169,0.3269,4737.525,2875.3867,1.0027,0.0029,0.0021
exchange_effect[NSEI],-0.097,0.1451,-0.3343,0.1339,3506.5109,2842.9784,1.0027,0.0024,0.0018
unit_effect[VND],0.0555,0.1879,-0.2429,0.3603,5814.2134,3011.7674,1.0026,0.0025,0.0018
exchange_effect[ATSE],-0.0782,0.1059,-0.2455,0.0938,4424.5727,2921.5845,1.0025,0.0016,0.0012
exchange_effect[ENXTBR],0.0645,0.0881,-0.0754,0.2069,4680.5184,3252.1729,1.0025,0.0013,0.0009
exchange_effect[IDX],0.031,0.1848,-0.2632,0.3256,7100.8575,2516.6342,1.0025,0.0022,0.0015
unit_effect[MXN],-0.0325,0.1865,-0.3324,0.2686,6550.3225,3402.9436,1.0024,0.0023,0.0016
unit_effect[IDR],0.0301,0.1833,-0.2598,0.3226,7972.2529,2366.0662,1.0024,0.0021,0.0014
exchange_effect[LJSE],-0.1496,0.198,-0.4721,0.1746,4063.0177,2453.1358,1.0024,0.0031,0.0022
exchange_effect[BMV],-0.0391,0.1908,-0.3454,0.2704,7171.144,3008.0204,1.0023,0.0023,0.0016
region_effect[Latin America and Caribbean],0.0452,0.0517,-0.0362,0.1273,5837.696,3083.0718,1.0022,0.0007,0.0005
sector_effect[Energy],-0.0691,0.0194,-0.1006,-0.0377,4469.0262,3007.4344,1.0022,0.0003,0.0002
unit_effect[CLP],0.0891,0.1978,-0.2253,0.4005,5642.8787,3002.7652,1.0022,0.0026,0.0019
exchange_effect[JSE],0.0367,0.1849,-0.2564,0.3316,5630.0725,3283.2442,1.0021,0.0025,0.0018
sigma_unit,0.2124,0.0218,0.1785,0.2485,1931.7224,2496.829,1.0021,0.0005,0.0004
sector_effect[Consumer Discretionary],-0.0055,0.0123,-0.025,0.0142,4443.2008,2736.1961,1.0021,0.0002,0.0001
unit_effect[EUR],0.0938,0.1077,-0.0799,0.2642,3536.0657,2713.6697,1.002,0.0018,0.0013
exchange_effect[ASX],-0.0493,0.1816,-0.3403,0.2405,6908.839,2690.4897,1.002,0.0022,0.0015
unit_effect[BHD],0.0677,0.2348,-0.3032,0.439,4666.3978,2700.291,1.0019,0.0034,0.0024
exchange_effect[CASE],-0.0066,0.1954,-0.3239,0.3036,4737.4786,3043.9839,1.0019,0.0028,0.002
exchange_effect[SEHK],0.0326,0.1793,-0.2508,0.318,5122.5535,3167.4303,1.0019,0.0025,0.0018
region_effect[Asia / Pacific],0.1061,0.0369,0.048,0.1651,7230.0147,3198.1495,1.0019,0.0004,0.0003
exchange_effect[KLSE],-0.1119,0.181,-0.4006,0.1723,6355.6377,2884.1027,1.0018,0.0023,0.0015
unit_effect[MAD],0.0121,0.2235,-0.3447,0.3734,3405.5012,2362.6963,1.0018,0.0038,0.0027
exchange_effect[SWX],0.0842,0.1822,-0.2077,0.3697,6113.7343,3194.3296,1.0018,0.0023,0.0016
exchange_effect[WBAG],0.0462,0.1061,-0.1248,0.2173,4375.1373,3068.9648,1.0018,0.0016,0.0011
unit_effect[AUD],-0.052,0.1792,-0.3398,0.2338,6599.8852,2606.1683,1.0018,0.0022,0.0016
exchange_effect[PSE],-0.0162,0.1821,-0.2997,0.275,5894.1525,2974.1069,1.0018,0.0024,0.0017
exchange_effect[KOSE],0.0862,0.145,-0.1425,0.3133,5688.4192,3044.4201,1.0018,0.0019,0.0014
sector_effect[Information Technology],0.0849,0.0146,0.0616,0.1078,4381.7942,3335.8433,1.0017,0.0002,0.0002
exchange_effect[SGX],0.031,0.1504,-0.2084,0.2698,4295.9105,3289.7273,1.0017,0.0023,0.0016
exchange_effect[TLSE],-0.0359,0.2278,-0.4017,0.3346,4714.2727,2634.5299,1.0017,0.0033,0.0023
region_effect[Africa / Middle East],-0.1042,0.0635,-0.2035,-0.001,8002.4235,3666.4559,1.0017,0.0007,0.0005
unit_effect[QAR],0.0137,0.1944,-0.2931,0.3295,4953.2725,3143.376,1.0017,0.0028,0.002
style_class_effect[Growth],-0.0151,0.0096,-0.0306,0.0001,4378.4184,3390.4867,1.0016,0.0001,0.0001
exchange_effect[LSE],-0.0522,0.1323,-0.2631,0.1618,4565.0208,3043.6669,1.0016,0.002,0.0014
unit_effect[GBP],0.1939,0.1324,-0.0152,0.4038,5012.8304,2870.3412,1.0016,0.0019,0.0013
exchange_effect[BAX],0.0649,0.2301,-0.2979,0.4381,4883.5044,2824.1726,1.0015,0.0033,0.0023
sigma_exchange,0.2377,0.0186,0.2089,0.2674,2888.6577,2991.7857,1.0015,0.0003,0.0002
unit_effect[ILS],-0.1074,0.222,-0.4656,0.2388,4319.7674,2967.4143,1.0015,0.0034,0.0025
unit_effect[KES],-0.0252,0.2242,-0.378,0.3393,4324.8749,2837.4459,1.0015,0.0034,0.0023
unit_effect[NZD],-0.0223,0.1864,-0.3226,0.2806,6101.5467,2964.1128,1.0014,0.0024,0.0017
unit_effect[HUF],-0.0273,0.207,-0.3588,0.3043,4880.3796,2945.5214,1.0014,0.003,0.0021
exchange_effect[CBSE],0.0042,0.2235,-0.3477,0.3658,4250.3182,2990.2301,1.0014,0.0034,0.0024
sector_effect[Health Care],0.0695,0.0146,0.0463,0.0928,4291.9258,2889.4638,1.0014,0.0002,0.0002
exchange_effect[SZSE],-0.0155,0.1422,-0.2431,0.2137,4462.6743,3132.1365,1.0014,0.0021,0.0015
exchange_effect[TWSE],-0.0115,0.1463,-0.2476,0.2241,6673.5915,3339.5879,1.0014,0.0018,0.0013
beta[feat_coverage_drift],-0.0666,0.0076,-0.0786,-0.0543,4516.2004,3612.2254,1.0014,0.0001,0.0001
exchange_effect[WSE],-0.0369,0.1819,-0.3294,0.2529,6207.0249,2705.7227,1.0013,0.0023,0.0015
unit_effect[INR],-0.1261,0.1518,-0.3707,0.1138,3426.1459,2714.8973,1.0013,0.0026,0.0019
exchange_effect[OB],0.0649,0.1726,-0.2033,0.3481,6486.4922,3380.1232,1.0013,0.0021,0.0015
exchange_effect[OM],0.5419,0.1598,0.2849,0.799,7390.6074,2938.2197,1.0012,0.0019,0.0014
exchange_effect[NASE],-0.0204,0.2201,-0.3657,0.3383,4597.9979,3367.3261,1.0012,0.0032,0.0022
unit_effect[NGN],-0.0762,0.1982,-0.3853,0.2419,4859.056,3007.3641,1.0012,0.0028,0.002
sigma_style_class,0.0139,0.0053,0.0058,0.0229,3437.0965,3156.7438,1.0012,0.0001,0.0001
unit_effect[CHF],0.0815,0.1771,-0.2003,0.3628,6911.9596,3175.5034,1.0012,0.0021,0.0015
exchange_effect[SHSE],-0.0215,0.1427,-0.2468,0.2104,4523.182,3086.4823,1.0012,0.0021,0.0015
unit_effect[CAD],0.1479,0.1698,-0.127,0.4216,4445.9216,2886.6542,1.0012,0.0025,0.0018
unit_effect[ARS],0.0339,0.2238,-0.3239,0.3893,4797.4799,3052.9759,1.0012,0.0032,0.0023
exchange_effect[TSXV],0.1893,0.1876,-0.1017,0.4918,4657.8409,3152.5984,1.0012,0.0027,0.002
unit_effect[HKD],0.0409,0.1775,-0.2403,0.3283,5102.4421,3069.6686,1.0012,0.0025,0.0018
exchange_effect[TSX],-0.1873,0.1565,-0.4342,0.0614,5945.0483,3170.312,1.0011,0.002,0.0014
exchange_effect[NasdaqGM],-0.0181,0.1058,-0.1851,0.1511,2722.8824,2929.3274,1.0011,0.002,0.0014
size_loading,0.0011,0.0011,0.0001,0.0031,2917.7562,1655.603,1.0011,0.0,0.0
trading_region_effect[Europe],-0.1008,0.092,-0.2439,0.0473,3294.7348,2599.9093,1.0011,0.0016,0.0012
beta[feat_one_day_return],-0.0927,0.0061,-0.1024,-0.083,4338.6616,2668.5831,1.0011,0.0001,0.0001
style_class_effect[Value],0.0005,0.0091,-0.0143,0.0148,4841.6401,3136.2232,1.0011,0.0001,0.0001
exchange_effect[CNSX],0.1455,0.2276,-0.2191,0.5071,4096.6404,2703.2743,1.0011,0.0035,0.0024
exchange_effect[NZSE],-0.0137,0.188,-0.3161,0.2849,5731.183,2908.0964,1.0011,0.0025,0.0017
exchange_effect[CPSE],0.0066,0.1817,-0.2816,0.3011,6875.3015,3193.6065,1.0011,0.0022,0.0015
unit_effect[KRW],0.1539,0.1491,-0.0854,0.3916,5305.1133,3046.3815,1.0011,0.002,0.0015
exchange_effect[BUL],-0.2072,0.226,-0.5669,0.1547,4346.1512,2053.2686,1.001,0.0034,0.0025
unit_effect[SAR],-0.0162,0.1852,-0.3082,0.2778,7188.2114,3096.8286,1.001,0.0022,0.0015
unit_effect[TWD],-0.0472,0.1508,-0.2933,0.1936,6400.5368,3321.5072,1.001,0.0019,0.0013
exchange_effect[MUN],0.1109,0.2469,-0.2816,0.5077,4450.2477,2306.1599,1.001,0.0037,0.0026
exchange_effect[KOSDAQ],0.0672,0.1497,-0.1691,0.3019,4877.6975,3160.8715,1.001,0.0021,0.0015
exchange_effect[BSE],-0.0385,0.1468,-0.2777,0.194,3538.8069,2831.0443,1.0009,0.0025,0.0018
trading_region_effect[United States and Canada],0.0821,0.1135,-0.0995,0.2643,2659.3895,2398.229,1.0009,0.0022,0.0015
beta[feat_pt_low_drift],0.0178,0.0139,-0.005,0.0396,4096.4866,2974.3977,1.0009,0.0002,0.0002
unit_effect[JPY],0.0084,0.1842,-0.2869,0.2981,4127.1805,2650.2254,1.0009,0.0029,0.002
exchange_effect[BVC],0.0168,0.2046,-0.3126,0.3375,4137.1766,3011.0142,1.0008,0.0032,0.0023
exchange_effect[SASE],-0.0127,0.1855,-0.3094,0.284,7415.5068,3238.367,1.0008,0.0022,0.0015
size_class_effect[Small Cap],0.0659,0.0075,0.0539,0.0778,4680.8156,3117.6132,1.0008,0.0001,0.0001
style_class_effect[Core],0.0145,0.0068,0.0035,0.0254,4851.6901,3010.4423,1.0008,0.0001,0.0001
