isin,ticker,name,trading_region,region,country,unit,exchange,sector,industry,size_class,style_class,market_cap,enterprise_value,last_price,observed_pt,expected_pt,expected_pt_hdi_lo,expected_pt_hdi_hi,expected_upside,risk_adj_return,prob_pos,implied_upside,total_return_ytd,total_return_5y,total_return_10y,tr_cagr_3y,n_analysts,er_mean,er_sd,er_p05,er_p50,er_p95,mc_prob_pos,p_upside_pos,band_width,kalman_gain,p_upside_pos_cond,cvar05,exp_vol,ret_vol_ratio,expected_sharpe,tail_risk,starr,book_weight,weight
US5949724083,MSTR,Strategy Inc,United States and Canada,United States and Canada,US,USD,NasdaqGS,Information Technology,Software,Large Cap,Core,32923.54,47958.64,91.67,303.6429,201.18766770484723,196.46554699439957,205.89251737967047,1.1946947496983495,2.2417418559900932,1.0,2.3123475509981457,-0.3967,0.6985,3.8802,0.2858,14.0,1.285691736523834,0.648193880130319,0.4234381015902796,1.1943930058925272,2.453577273736364,0.99625,1.0,0.04685660156417116,0.9038423931685514,0.9004529841941693,1.1384289891235249,0.027628252094576894,43.24177822066617,1.9834987276728786,0.056265760574824686,21.233068521478383,0.0,0.023767677428665382
CNE100005MX1,2145,Shanghai Chicmax Cosmetic Co. Ltd.,Asia / Pacific,Asia / Pacific,CN,HKD,SEHK,Consumer Staples,Personal Care Products,Small Cap,Core,1419.47,1354.49,27.96,86.0383,59.6898578640243,58.23728935961497,61.14499599877125,1.1348303957090153,2.128327905443943,1.0,2.077192417739628,-0.6088,,,0.0696,8.0,1.1731432306076692,0.4283291345390607,0.5562019170785285,1.1369725122931964,1.9405588174499255,0.999375,1.0,0.048713579546128996,0.8935173287170579,0.8929588803866098,1.0772146640882085,0.028094290908878057,40.39363012897394,2.738882639562046,0.0576157316208068,19.69653710514011,0.0,0.022047728989484455
US0301112076,AMSC,American Superconductor Corporation,United States and Canada,United States and Canada,US,USD,NasdaqGS,Industrials,Electrical Equipment,Small Cap,Growth,1479.07,1342.38,30.52,62.5,58.18108356528227,56.89737151743197,59.50648754454471,0.9063264601992883,1.6642497300795631,1.0,1.0478374836173001,0.0605,1.1599,2.4761,0.6081,4.0,0.9634975233654531,0.46422590266134783,0.30683677321065933,0.9147955250330767,1.7885951979452306,0.99475,1.0,0.04484474793573024,0.8406973598513987,0.8362836987121789,0.8601207109381545,0.022877892585490674,39.615819368523795,2.075492810379268,0.046205749261133855,19.615014899491054,0.0,0.021956475410889346
KYG3774X1088,3800,GCL Technology Holdings Limited,Asia / Pacific,Asia / Pacific,CN,HKD,SEHK,Information Technology,Semiconductors and Semiconductor Equipment,Small Cap,Value,2470.66,4128.95,0.6,1.4927,1.2736013006403493,1.2415967296312802,1.305313537787956,1.122668834400584,2.104902438035464,1.0,1.4878333333333333,-0.434,,-0.4124,-0.2756,12.0,1.1636162801149195,0.3728457046417867,0.6107784466559943,1.134155098856756,1.8167996141495666,0.999875,1.0,0.050028849785753005,0.8912675470841778,0.8911561386407922,1.0647615634005931,0.028051260826343537,40.02204540290259,3.1209056873348437,0.05790727099999082,19.387355249408348,0.0,0.02170163984055173
US78574H1041,SOC,Sable Offshore Corp.,United States and Canada,United States and Canada,US,USD,NYSE,Energy,Oil Gas and Consumable Fuels,Small Cap,Growth,902.91,1830.24,4.71,13.3333,9.928570118231312,9.679201892393639,10.185250766374724,1.1079766705374328,2.0764043967818386,1.0,1.8308492569002124,-0.4778,-0.5104,,-0.2296,3.0,1.2036083653218088,0.6819412174718738,0.2938705843505397,1.098716346793932,2.4362001947131273,0.9921875,1.0,0.050968958062939364,0.8884686383290787,0.8815274770921329,1.049875667432956,0.028705603853853838,38.5979224188549,1.7649737755753867,0.058101003104476856,19.069837203069905,0.0,0.021346219403062052
US02081G2012,ATEC,Alphatec Holdings Inc.,United States and Canada,United States and Canada,US,USD,NasdaqGS,Health Care,Health Care Equipment and Supplies,Small Cap,Growth,1270.3,1757.05,8.26,15.9231,15.093540123386944,14.766153241034957,15.436563022784025,0.8273050996836527,1.4906892276190695,1.0,0.9277360774818402,-0.6074,-0.4146,0.765,-0.2195,13.0,0.8508465170927796,0.2898263963027342,0.42468719806373273,0.8278332035551748,1.3571549836698682,0.99975,1.0,0.044417000668404524,0.8160704897457643,0.815866472123328,0.7837580269624695,0.021587099041918828,38.32405169759741,2.9357109219411455,0.04354707272118319,18.997949758428092,0.0,0.021265750694844522
US2935941078,ENVX,Enovix Corporation,United States and Canada,United States and Canada,US,USD,NasdaqGS,Industrials,Electrical Equipment,Small Cap,Core,840.23,857.34,3.95,12.95,8.853772409597797,8.611609584340457,9.094898128434288,1.2414613695184293,2.3280867951593134,1.0,2.278481012658228,-0.4596,-0.7691,,-0.4065,10.0,1.347173225090462,0.7615999566216172,0.3452983542435497,1.238782930827363,2.7151670184401517,0.9929375,1.0,0.054585607324842654,0.9110607108966421,0.9046263446259346,1.1755185340544367,0.0322873612054849,38.45038191933545,1.7688725076435017,0.0659428354639926,18.826326784148012,0.0,0.021073640944531662
US03214Q1085,AMPX,Amprius Technologies Inc.,United States and Canada,United States and Canada,US,USD,NYSE,Industrials,Electrical Equipment,Small Cap,Core,1333.83,1278.04,9.24,23.0,17.85542659999238,17.43756875955274,18.293410277849933,0.9324054761896526,1.719915205195068,1.0,1.4891774891774892,0.1711,,,0.0545,9.0,0.9611325884828633,0.34397596175322936,0.46396515353165985,0.9296807366976061,1.571617500152222,0.9993125,1.0,0.04793173176257568,0.8479944482050865,0.8474114520219456,0.8828194574057495,0.024751293736542595,37.67097938856656,2.794185336626477,0.04958601878390312,18.80379790628271,0.0,0.021048422775928728
US68389X1054,ORCL,Oracle Corporation,United States and Canada,United States and Canada,US,USD,NYSE,Information Technology,Software,Large Cap,Core,331225.36,472265.36,114.99,248.1458,210.8873618845431,206.13911331884617,215.48528617917637,0.8339626218327094,1.5055995215387867,1.0,1.1579772154100356,-0.4043,0.4028,2.2499,0.003,41.0,0.8403355846802498,0.16456929918298766,0.5853161881528837,0.8350621095211234,1.116782792212702,1.0,1.0,0.04431831654969943,0.8182972889494788,0.8182972889494788,0.7893093921299014,0.02165041537823982,38.519474442550425,5.10627187970136,0.04465322970280805,18.6764233490655,0.0,0.020905843412729514
US9741551033,WING,Wingstop Inc.,United States and Canada,United States and Canada,US,USD,NasdaqGS,Consumer Discretionary,Hotels Restaurants and Leisure,Small Cap,Growth,3681.84,4823.44,135.2,227.9259,237.8533794647774,232.8610507032974,243.0670341941303,0.7592705581714293,1.3351464108037379,1.0,0.6858424556213017,-0.4309,-0.1565,5.1878,-0.0926,27.0,0.770967374924684,0.17329930011597056,0.504384251688089,0.7607689665562313,1.0683252242977748,1.0,1.0,0.04290871760493212,0.7915845491482021,0.7915845491482021,0.7186122246969269,0.020161145396147818,37.660090399253946,4.448762195858602,0.04065833347450243,18.674414155405103,0.0,0.02090359437996424
KYG0519B1023,6855,Ascentage Pharma Group International,Asia / Pacific,Asia / Pacific,CN,HKD,SEHK,Health Care,Biotechnology,Small Cap,Core,1659.48,1590.98,35.38,81.7698,71.56502643968933,69.78576732716265,73.40841043886121,1.0227537150844959,1.9072239812456173,1.0,1.3111871113623517,-0.3229,-0.3196,,0.1551,5.0,1.1163771226639734,0.5954090282208546,0.29736000207714464,1.0370183255225964,2.1907736200181507,0.992625,1.0,0.05062030005328803,0.8705818350657902,0.86416129403218,0.9675797318480238,0.02702233409904929,37.84845940160583,1.874975134320396,0.055173983236472046,18.53688378272493,0.0,0.020749646893231465
KYG4602S1057,9660,Horizon Robotics,Asia / Pacific,Asia / Pacific,CN,HKD,SEHK,Information Technology,Software,Mid Cap,Core,8212.96,7464.22,4.42,10.5315,9.187714324521869,8.95606758176362,9.421407639369653,1.0786683992130977,2.01900874090706,1.0,1.3826923076923077,-0.4896,,,,19.0,1.0958472036214115,0.2636458425733559,0.6962070566739152,1.0771921188104885,1.5505065030839829,1.0,1.0,0.05064807646054554,0.8826570046193646,0.8826570046193646,1.0201018762876908,0.028067728182122983,38.43091226386208,4.156512361147917,0.05856652292540687,18.41783232695821,0.0,0.02061638416696963
CA87261Y1060,TMC,TMC the metals company Inc.,United States and Canada,United States and Canada,CA,USD,NasdaqGS,Materials,Metals and Mining,Small Cap,Core,1589.92,1470.24,3.67,10.8333,7.4780734094332475,7.290159803032627,7.673883034234853,1.0376221824068825,1.9372375052070616,1.0,1.9518528610354222,-0.4052,-0.6319,,0.3851,6.0,1.096100350174513,0.44787312668980556,0.465177871663015,1.0457680108444465,1.896117450932164,0.99925,1.0,0.05131311371163818,0.8739206463710157,0.8732652058862375,0.9810521498146977,0.027679698923990928,37.48675826482854,2.4473456540598963,0.05657003259218485,18.34225887559821,0.0,0.020531789450370923
KYG9894K1085,881,Zhongsheng Group Holdings Limited,Asia / Pacific,Asia / Pacific,CN,HKD,SEHK,Consumer Discretionary,Specialty Retail,Small Cap,Value,1276.74,3957.1,4.23,12.0588,8.354173708163174,8.146025177368761,8.564870008911345,0.9749819641047699,1.8092430703700475,1.0,1.8507801418439715,-0.636,-0.931,0.1241,-0.4349,11.0,1.018358390372388,0.42219324103044514,0.40913722003356523,0.9807732678404045,1.7739551340384612,0.9976875,1.0,0.050135997427646885,0.8591426769975091,0.8571559095569523,0.9213896189529669,0.0261223037316197,37.32373584358123,2.412067014353156,0.053592345151803,18.19256017520944,0.0,0.02036422109261182
US07373V1052,BEAM,Beam Therapeutics Inc.,United States and Canada,United States and Canada,US,USD,NasdaqGS,Health Care,Biotechnology,Small Cap,Core,2498.37,1537.54,25.1,52.3077,44.750939135822705,43.77523491033214,45.78929485256794,0.7829059416662405,1.389837396640399,1.0,1.0839721115537848,-0.0945,-0.7282,,-0.0733,13.0,0.8179258900485155,0.32437597079666847,0.34092601667153394,0.7913573026111553,1.3883185624008068,0.9984375,1.0,0.04500598157555911,0.8004515826756882,0.7992008770777573,0.7397000649433734,0.021267241049683947,36.81276475106654,2.521536623195876,0.04320587672286713,18.120357716335377,0.0,0.02028339976665324
US52490G1022,LEGN,Legend Biotech Corporation,United States and Canada,United States and Canada,US,USD,NasdaqGS,Health Care,Biotechnology,Small Cap,Core,4298.23,3852.93,22.22,54.2333,40.845422178994404,39.905577572368784,41.797436301941566,0.8382278208368398,1.5150907024973204,1.0,1.4407425742574258,0.0221,-0.535,,-0.3272,15.0,0.8604548946535576,0.3432096834905905,0.35671442410544246,0.8302389176340017,1.4643018573581523,0.9985,1.0,0.046317521735537576,0.8196911661553248,0.8184616294060918,0.791632397833511,0.022909599025192396,36.588498118849124,2.507082218375543,0.04659542300332875,17.989488383375278,0.0,0.020136908453447434
KYG7611S1075,2498,Robosense Technology Co. Ltd,Asia / Pacific,Asia / Pacific,CN,HKD,SEHK,Information Technology,Electronic Equipment Instruments and Components,Small Cap,Core,1328.31,968.55,22.06,44.4124,46.0776444995569,44.85693039389274,47.30006861269236,1.0887418177496324,2.0387919405222323,1.0,1.013254759746147,-0.3973,,,,20.0,1.1026560394077023,0.22807372945961685,0.7528506022512824,1.08986267279841,1.4901623374459296,1.0,1.0,0.05302220296489141,0.8846780844328206,0.8846780844328206,1.0280252144175952,0.029568584751268216,36.82089714161702,4.834647295943571,0.06071660333203721,17.931533682734127,0.0,0.020072035652376766
US0381692070,APLD,Applied Digital Corporation,United States and Canada,United States and Canada,US,USD,NasdaqGS,Information Technology,IT Services,Small Cap,Growth,7770.07,9853.34,27.19,73.0455,55.099824529202536,53.671872740921536,56.52450823400164,1.0264738701435214,1.914737146110684,1.0,1.686484001471129,0.1089,2.5966,452.1742,0.4571,11.0,1.0645985666422384,0.41158068489154986,0.46906892113369436,1.0235969078239355,1.7922016798416085,0.9989375,1.0,0.05177213389433251,0.8714187765895755,0.8704928941394491,0.9692252868386793,0.027802059007634074,36.9207859699048,2.58660963869759,0.05724858330484217,17.930118282188143,0.0,0.02007045129429987
GB0008481250,MEGP,ME Group International plc,Europe,Europe,GB,GBP,LSE,Consumer Discretionary,Diversified Consumer Services,Small Cap,Value,532.3,535.62,1.062,2.1,1.9627348560147226,1.9174750100169948,2.0080679641275463,0.8481495819347696,1.5371692208046717,1.0,0.9774011299435028,-0.2735,0.8519,0.1692,-0.0703,2.0,0.9471420788009436,0.6301092833863944,0.11762788138522128,0.8549727932488977,2.086500375959046,0.9748125,1.0,0.04615649120049658,0.8229336673121261,0.802206025566702,0.8007662194373956,0.022688863237675667,37.38175743094907,1.5031393819667611,0.04738336249737407,17.899733941038335,0.0,0.020036439949279217
US50077B2079,KTOS,Kratos Defense & Security Solutions Inc.,United States and Canada,United States and Canada,US,USD,NasdaqGS,Industrials,Aerospace and Defense,Mid Cap,Growth,8870.25,7591.35,47.35,109.3333,81.64227036135831,79.90396275729279,83.45103385309066,0.7242295746855008,1.2526607549410114,1.0,1.3090454065469905,-0.3762,0.7642,9.4295,0.4807,21.0,0.735667328563285,0.22586860350764124,0.39847186651817745,0.7196761857553069,1.1285288550722905,0.9995,1.0,0.04344650240736962,0.77765365517295,0.7772648283453636,0.6837641649567167,0.01981219659607839,36.55473390713548,3.257058825966474,0.040465409728784096,17.897497629199524,0.0,0.0200339366870512
US1011371077,BSX,Boston Scientific Corporation,United States and Canada,United States and Canada,US,USD,NYSE,Health Care,Health Care Equipment and Supplies,Large Cap,Core,65771.22,75587.22,44.25,72.4286,76.9150820511124,75.21298007205837,78.61497425346919,0.738193944657907,1.2857206679973696,1.0,0.6368045197740113,-0.5359,0.0029,0.8499,-0.0534,28.0,0.7443494995794276,0.1584998410527639,0.49630266873004636,0.735133530492024,1.016678483814367,1.0,1.0,0.04423052138396063,0.7833112159178504,0.7833112159178504,0.6967585609065953,0.02035197784913554,36.271361443588745,4.6962160632807,0.04143538375131173,17.815545020372543,0.0,0.01994220132769572
US7995661045,SANA,Sana Biotechnology Inc.,United States and Canada,United States and Canada,US,USD,NasdaqGS,Health Care,Biotechnology,Small Cap,Core,953.68,935.17,3.18,8.5714,5.650844075271119,5.522777186517164,5.77924155697905,0.7769949922236228,1.3762158372899091,1.0,1.6954088050314464,-0.2187,-0.8287,,-0.1897,7.0,0.8272782454038787,0.4503950799644949,0.20551142790548693,0.7749625866929122,1.6388352617066695,0.988875,1.0,0.045385143714053285,0.7982651655629631,0.7893844655960751,0.7332468305829013,0.021438278812134674,36.243347660159245,1.8367834867758632,0.043748161640721484,17.760631831907276,0.0,0.01988073310661869
US87305R1095,TTMI,TTM Technologies Inc.,United States and Canada,United States and Canada,US,USD,NasdaqGS,Information Technology,Electronic Equipment Instruments and Components,Mid Cap,Growth,13646.03,14281.06,131.41,212.0,235.009532328135,229.6029066962504,240.2837719903616,0.7883687111188997,1.4023653980712454,1.0,0.6132714405296401,0.9045,8.564,15.2035,1.105,4.0,0.8206989860474199,0.36432712120388816,0.2866442018210212,0.7888759558198822,1.470179763179508,0.99675,1.0,0.04544864707529362,0.8024386569558679,0.7998307313207613,0.743859419517369,0.021856013227785385,36.07102095439129,2.252643128338866,0.04450929160153072,17.712452450979626,0.0,0.01982680251324059
KYG1R24P1085,325,Bloks Group Limited,Asia / Pacific,Asia / Pacific,CN,HKD,SEHK,Consumer Discretionary,Leisure Products,Small Cap,Core,1462.24,1063.14,46.54,77.7784,91.01816636793048,88.69892622063655,93.44838608980606,0.9556976013736719,1.768987430150697,1.0,0.6712161581435324,-0.3049,,,,9.0,0.9848330611594759,0.31951253585664546,0.5128827386147388,0.9623301884284297,1.5378280552652033,0.9996875,1.0,0.05218144968961875,0.8541924866396197,0.8539255514875448,0.9014941296460208,0.026826209884830837,35.625517189220275,3.082298660110592,0.054203471727651054,17.63166769419564,0.0,0.01973637441338999
KYG8924B1041,6110,Topsports International Holdings Limited,Asia / Pacific,Asia / Pacific,HK,HKD,SEHK,Consumer Discretionary,Specialty Retail,Small Cap,Value,1027.99,1233.91,1.3,1.9964,2.4328703424925333,2.3739295747773252,2.4941740172849083,0.8714387249942579,1.5884771050768418,1.0,0.5356923076923077,-0.5533,-0.8262,,-0.3668,16.0,0.8849396832131969,0.3094265997720226,0.4329121017235966,0.858860842018326,1.4217558890828503,0.9998125,1.0,0.049424928409620775,0.830271496608255,0.830115820702641,0.821987633403059,0.024161971679591845,36.066540286954705,2.859934097020739,0.04945109159119887,17.622234352241346,0.0,0.01972581500562388
BRLJQQACNOR5,LJQQ3,Lojas Quero-Quero S.A.,Latin America and Caribbean,Latin America and Caribbean,BR,BRL,BOVESPA,Consumer Discretionary,Specialty Retail,Small Cap,Core,45.58,373.03,1.12,3.9333,2.4490230996274174,2.3809206159914345,2.5185583353971315,1.186627767524479,2.2265186347008843,1.0,2.511875,-0.4932,-0.9475,,-0.4107,3.0,1.306791815298896,0.7627680020116475,0.28534018503946085,1.1918598516416228,2.6988729412310892,0.9878125,1.0,0.05620107030702837,0.9024749105435693,0.8914759975713196,1.1192497011430498,0.03241948149010256,36.60230555774768,1.713223171203426,0.06737806638142918,17.61148443778343,0.0,0.019713781865008193
US8776191061,TSHA,Taysha Gene Therapies Inc.,United States and Canada,United States and Canada,US,USD,NasdaqGS,Health Care,Biotechnology,Small Cap,Core,1765.63,1557.61,5.52,13.1539,10.188571872578605,9.945070862026636,10.436014004015092,0.8457557740178608,1.5318306782139737,1.0,1.3829528985507247,0.0036,-0.7053,,1.0186,13.0,0.8671580058422632,0.28488003217873875,0.43966137996384164,0.8448625263180444,1.3707195756292279,0.999625,1.0,0.048185668033591096,0.822145145414484,0.8218368409849536,0.7977026184238164,0.023552771962423384,35.908969668928926,3.043940985299359,0.04805315559404444,17.600421107884145,0.0,0.019701397896291325
KYG857001054,1686,SUNeVision Holdings Ltd.,Asia / Pacific,Asia / Pacific,HK,HKD,SEHK,Information Technology,IT Services,Small Cap,Core,2451.79,4603.76,4.71,8.6571,8.722979801876416,8.515749070689713,8.933047722711834,0.852012696789048,1.5457039361948952,1.0,0.8380254777070064,0.0239,-0.3227,1.1686,0.1007,7.0,0.8766499192907622,0.30897929827250875,0.4138408708571353,0.8503918151855483,1.4138787797239492,0.998625,1.0,0.047839002439551054,0.8241634360800929,0.8230302113554827,0.8035833727067632,0.023680357829461998,35.97972222062513,2.837244838706275,0.04842932408228484,17.59290910898154,0.0,0.01969298918388214
US5303073051,LBRDK,Liberty Broadband Corporation,United States and Canada,United States and Canada,US,USD,NasdaqGS,Communication Services,Media,Small Cap,Value,4144.94,6858.94,28.89,48.5,51.366536723053585,50.21163551539112,52.56102866361229,0.7780040402580006,1.3785345452751299,1.0,0.6787815853236414,-0.4056,-0.8257,-0.5136,-0.2969,2.0,0.8758904890554374,0.6287439549507234,0.06626773875831325,0.7713439815198723,2.010355148823271,0.967125,1.0,0.0457378148908129,0.7986347634469914,0.7723796455986716,0.7337700235700058,0.0217620491172953,35.750495556031304,1.3930797777993487,0.04423401668799487,17.58836521100177,0.0,0.019687902877051702
CNE100006JG0,6181,Laopu Gold Co. Ltd.,Asia / Pacific,Asia / Pacific,CN,HKD,SEHK,Consumer Discretionary,Textiles Apparel and Luxury Goods,Mid Cap,Core,8456.2,9104.31,375.2,822.8274,732.7822733377537,714.6673758691325,752.1410757177085,0.9530444385334587,1.7634165237006525,1.0,1.1930367803837953,-0.3786,,,,18.0,0.9785276966497611,0.2888263314704857,0.5443031612604577,0.9576423681577146,1.474740287430234,1.0,1.0,0.05113892790813147,0.8534956290760803,0.8534956290760803,0.898664685964045,0.026965214203426624,35.343477390672824,3.387944899856729,0.05437975256941363,17.525722231209762,0.0,0.01961778215308
KYG2121R1039,772,China Literature Limited,Asia / Pacific,Asia / Pacific,CN,HKD,SEHK,Communication Services,Media,Small Cap,Core,2366.74,1296.83,18.17,35.7537,33.704669479716095,32.88645284667627,34.544709573693005,0.854962547039961,1.552219225579676,1.0,0.9677325261419923,-0.4491,-0.7693,,-0.1748,12.0,0.8847758250941752,0.3210224133622414,0.4140347166170526,0.856953638481543,1.4349867265138105,0.99925,1.0,0.049199613958970725,0.8251015783165526,0.8244827521328152,0.8061397901955971,0.02406002039083015,35.534572837095666,2.756118539598028,0.04882275684436388,17.511558181062817,0.0,0.01960192732858134
US1421521071,CAI,Caris Life Sciences Inc.,United States and Canada,United States and Canada,US,USD,NasdaqGS,Health Care,Biotechnology,Small Cap,Growth,4387.2,3994.7,15.52,27.0,27.728081464317864,27.080794492392847,28.36028101483273,0.7866031871338889,1.3983084549006803,1.0,0.7396907216494846,-0.4248,,,,12.0,0.7991577726342732,0.25418932510718906,0.4156159023323975,0.7802734923009281,1.2380328151575244,0.9998125,1.0,0.046144069653228655,0.8017920415413617,0.8016417055335727,0.7415684539402614,0.02210103669312408,35.5912348391608,3.1439470256954203,0.045034733193627496,17.466589260157864,0.0,0.019551590430487552
US0396971071,ARDX,Ardelyx Inc.,United States and Canada,United States and Canada,US,USD,NasdaqGM,Health Care,Biotechnology,Small Cap,Growth,1242.56,1238.61,5.03,16.3,10.364313049005464,10.085850623459685,10.654234814939567,1.060499612128329,1.982951523408076,1.0,2.2405566600397613,-0.1372,1.994,-0.5255,0.1294,10.0,1.0978195106699,0.3487712988214828,0.5908278620857224,1.0689066348262966,1.7021273573362368,0.999625,1.0,0.054840507884352595,0.8788505229516291,0.8785209540055222,0.999740332626464,0.03014386111996961,35.18127979384076,3.1476773300426153,0.06075927950186499,17.454117639689542,0.0,0.019537630062394548
KYG525681477,268,Kingdee International Software Group Company Limited,Asia / Pacific,Asia / Pacific,CN,HKD,SEHK,Information Technology,Software,Mid Cap,Growth,3132.05,2621.7,6.99,14.9362,12.857090753730441,12.551513601447098,13.159809450219456,0.8393549003906189,1.5175978708746156,1.0,1.1367954220314735,-0.474,-0.728,1.9374,-0.1354,16.0,0.8536189099962238,0.2523536249030575,0.47551271143494406,0.8365783677945634,1.28507099176924,0.9999375,1.0,0.04731209108062509,0.8200590102852608,0.820007756597118,0.7911333846458697,0.02312874274875034,36.290554549748265,3.3826298723632138,0.0482215157447492,17.406232206253605,0.0,0.019484028505262763
US91347P1057,OLED,Universal Display Corporation,United States and Canada,United States and Canada,US,USD,NasdaqGS,Information Technology,Semiconductors and Semiconductor Equipment,Small Cap,Core,3705.94,3211.65,79.27,125.8889,132.96425892222877,130.08921300439758,135.81207848730875,0.6773591386682042,1.139678593307407,1.0,0.5881026870190488,-0.3139,-0.6245,0.2336,-0.1662,9.0,0.6960488674874558,0.2783165699986749,0.2832227780957547,0.67426764164869,1.1836329316035346,0.997375,1.0,0.0430406300858526,0.7575187944605729,0.7555303076251139,0.6384400719254121,0.01898857751291828,35.67192635716837,2.500924998791016,0.03891906674279211,17.404300651521982,0.0,0.019481866379249247
US82846H4056,QXO,QXO Inc.,United States and Canada,United States and Canada,US,USD,NYSE,Industrials,Trading Companies and Distributors,Mid Cap,Growth,14186.8,16099.7,13.67,30.2667,24.62398831736685,24.042920198969902,25.225990934762816,0.8013158973933322,1.4319018556987615,1.0,1.2140965618141917,-0.2913,-0.773,0.9551,-0.1361,15.0,0.8201559388361084,0.268558085392619,0.4186436579471798,0.7995434060468695,1.2871519741206985,0.9996875,1.0,0.04804545553485807,0.8070626828302131,0.8068104757418286,0.7549562443823621,0.023348248523881742,34.320171663998984,3.0539238378806575,0.046359653010970114,17.284769090133533,0.0,0.019348066236761524
BRPLPLACNOR5,PLPL3,Plano & Plano Desenvolvimento Imobiliário S.A.,Latin America and Caribbean,Latin America and Caribbean,BR,BRL,BOVESPA,Consumer Discretionary,Household Durables,Small Cap,Core,300.88,410.47,7.54,18.7778,15.320013431327169,14.909931395793906,15.71776070797267,1.0318320200699116,1.9255439139090393,1.0,1.4904244031830238,-0.4496,0.7176,,-0.0604,9.0,1.0726306962518384,0.40483222607047015,0.4907777138737991,1.0331334175112854,1.793412443046946,0.999125,1.0,0.052730326627969705,0.8726178072191388,0.8718542666378222,0.9721107446182492,0.0285556110633926,36.13412501589532,2.649568456205665,0.05972127545166239,17.277461210704764,0.0,0.01933988600973617
KR7064350002,A064350,Hyundai Rotem Company,Asia / Pacific,Asia / Pacific,KR,KRW,KOSE,Industrials,Machinery,Large Cap,Growth,11833.98,10196.76,158400.0,304050.0,292497.77918489254,285518.63829909416,299709.40805553895,0.8465768887935194,1.5336463503355369,1.0,0.9195075757575758,-0.1542,5.7163,6.4695,0.7407,20.0,0.8543822490513774,0.19561816351667607,0.5529204653921954,0.8438685063569804,1.1830021344283121,0.999875,1.0,0.048515820516622024,0.822407393481456,0.8223045925572707,0.7975647626389306,0.023839179294711042,35.51199805696922,4.3676018304841255,0.04901212615458883,17.27280481820635,0.0,0.019334673779823588
CNE0000018M9,600418,Anhui Jianghuai Automobile Group Corp.Ltd.,Asia / Pacific,Asia / Pacific,CN,CNY,SHSE,Consumer Discretionary,Automobiles,Mid Cap,Core,6536.84,4964.75,19.64,52.14,38.920508039723934,37.90384084360477,39.97648213072189,0.9816959287028519,1.823106215962746,1.0,1.654786150712831,-0.6032,0.1299,0.7475,0.1326,5.0,1.1268400341775229,0.8174604429332462,0.11342077227231466,0.9889946287151405,2.5787248980325117,0.972375,1.0,0.053253191993323824,0.8607935491249992,0.837014127330421,0.9246222181791629,0.028003608977186078,35.056050436306904,1.3784642962467368,0.057073710523689036,17.20049248060346,0.0,0.019253729458821676
GB00BR3VDF43,DATA,GlobalData Plc,Europe,Europe,GB,GBP,LSE,Industrials,Professional Services,Small Cap,Core,708.06,924.0,0.735,1.24,1.2924330782069,1.2629316370148853,1.3227811823900484,0.7584123513019058,1.333108150029759,1.0,0.6870748299319728,-0.3229,-0.6495,0.8995,-0.2337,8.0,0.7862688118051104,0.33228255242665783,0.2982004147787892,0.7579677149837344,1.3675019818593914,0.9974375,1.0,0.04630765521584864,0.7912333032290778,0.7892057678895533,0.714315802564453,0.02151784887144992,35.2457327789942,2.3662657159185554,0.04409654873745272,17.198904971394278,0.0,0.019251952447328458
KYG248141163,1415,Cowell e Holdings Inc.,Asia / Pacific,Asia / Pacific,CN,HKD,SEHK,Information Technology,Electronic Equipment Instruments and Components,Small Cap,Core,2350.32,2216.75,21.22,39.772,38.45611285836036,37.54188923661712,39.3787481715082,0.8122579103845587,1.4567437742602183,1.0,0.8742695570216776,-0.2205,3.5805,12.3918,0.1679,6.0,0.8476877584857561,0.38469652055464787,0.29108254807421796,0.8109384313222983,1.5308972813539599,0.9964375,1.0,0.04776507031941848,0.8109047806118247,0.8080159323308951,0.7650227535904324,0.02303516369206823,35.261651327628556,2.203523331231529,0.047235156794126376,17.196045604861034,0.0,0.019248751755853097
CNE100005LL8,3931,CALB Group Co. Ltd.,Asia / Pacific,Asia / Pacific,CN,HKD,SEHK,Consumer Discretionary,Automobile Components,Mid Cap,Core,3765.12,13169.97,16.66,38.4583,30.882271105451277,30.130068293082275,31.661650970300638,0.8536777374220432,1.5493626993656475,1.0,1.308421368547419,-0.3368,,,-0.0343,9.0,0.8923517618517698,0.4043633009367977,0.32501577454161595,0.8494569854921016,1.595290594907552,0.996875,1.0,0.04959423715919686,0.8246830100189915,0.8221058756126821,0.8036875688651327,0.024587001640591872,34.72069306786336,2.206806997035681,0.04999016855691052,17.076912562320874,0.0,0.019115397703737373
INE066P01011,INOXWIND,Inox Wind Limited,Asia / Pacific,Asia / Pacific,IN,INR,NSEI,Industrials,Electrical Equipment,Small Cap,Core,1379.94,1617.0,76.97,116.8333,130.539847217032,127.5893893732416,133.57361405813765,0.695983463908436,1.1849164618350112,1.0,0.5179069767441861,-0.3769,1.9887,0.3668,0.1387,6.0,0.7240955092312145,0.3169004222957078,0.2664354095574087,0.6948398051699824,1.282672875144927,0.99625,1.0,0.04584213029563946,0.7657150956157922,0.7628436640072329,0.6548876777578647,0.020377277335594992,34.15488008757153,2.2849307173076046,0.0410957861505713,16.93564058753894,0.0,0.018957261976773037
US67576A1007,OCUL,Ocular Therapeutix Inc.,United States and Canada,United States and Canada,US,USD,NasdaqGM,Health Care,Pharmaceuticals,Small Cap,Core,1862.26,1275.02,8.505,27.0909,17.292899519228374,16.81761081445358,17.77357439025383,1.0332627300680126,1.9283850479054048,1.0,2.1852910052910053,-0.2994,-0.3113,0.6451,0.2398,11.0,1.062842586201624,0.3808499968777617,0.511563562564617,1.0292228727902222,1.7278732702360051,0.9994375,1.0,0.05528069915269517,0.8729181651316541,0.8724271486637675,0.9722366225244634,0.03012412353395709,34.3001757014865,2.790711815451992,0.0610261075435492,16.931486730177898,0.0,0.018952612270031775
LU2290523658,HTG,HomeToGo SE,Europe,Europe,LU,EUR,XTRA,Consumer Discretionary,Hotels Restaurants and Leisure,Small Cap,Core,194.82,247.69,0.966,2.675,1.8531117352387336,1.8046295877567837,1.9009967188755754,0.9183351296467178,1.6899041884303703,1.0,1.769151138716356,-0.411,,,-0.3105,4.0,0.9740882869931476,0.49524885203301255,0.28397801578269,0.9164500759035067,1.8646341299197375,0.9948125,1.0,0.05200287132517504,0.8440682994084537,0.8396896951052724,0.8639981045910794,0.026321858162752777,34.88868923950911,1.966866319819791,0.05433702505563842,16.900725218327434,0.0,0.018918178731132756
US5533681012,MP,MP Materials Corp.,United States and Canada,United States and Canada,US,USD,NYSE,Materials,Metals and Mining,Small Cap,Growth,7352.32,7075.55,41.3,78.7188,73.45478209273791,71.7353110973358,75.28860750658168,0.7785661523665314,1.3797895741099462,1.0,0.9060242130750605,-0.1825,0.1601,,0.2011,16.0,0.7889334771421234,0.21448403803400462,0.46479813878790305,0.7758484752751813,1.155253092702152,0.9998125,1.0,0.0483739289398448,0.7988203744860016,0.7986705956657855,0.7324488948212203,0.02317816100120954,33.590505835467376,3.678285267163073,0.04611725754531104,16.882316811696274,0.0,0.018897572897814668
US52476L1098,LGN,Legence Corp.,United States and Canada,United States and Canada,US,USD,NasdaqGS,Industrials,Construction and Engineering,Small Cap,Growth,7649.09,6819.83,70.8,105.7059,124.31173587108155,121.42264095369805,127.22369833473215,0.7558154784051054,1.3270353611459669,1.0,0.49302118644067794,0.645,,,,17.0,0.7653178384588707,0.18325705634522207,0.4801823436821246,0.7579390960312761,1.072703806070919,0.9999375,1.0,0.04666540403755708,0.7902234751557493,0.7901740861885521,0.7110448517477548,0.021955589284577776,34.42474117221766,4.176198470727123,0.044770626657350654,16.881949948784378,0.0,0.018897162242174307
SE0017885767,ANODB,Addnode Group AB (publ),Europe,Europe,SE,SEK,OM,Information Technology,IT Services,Small Cap,Core,505.05,757.21,36.2,74.6,71.816496747885,69.86234213897299,73.81062235026008,0.9838811256321854,1.8276129237499619,1.0,1.0607734806629834,-0.6173,-0.583,1.9616,-0.2195,5.0,1.0317047414179215,0.4580489513297011,0.3846092692542437,0.984614081605967,1.8325515939012957,0.997125,1.0,0.05497734350852141,0.8613282988267741,0.8588519799676472,0.9253452528436639,0.02842518154030955,34.613011151290294,2.252389702940955,0.05853587278852157,16.808173838745887,0.0,0.018814579417013505
KYG8918W1069,780,Tongcheng Travel Holdings Limited,Asia / Pacific,Asia / Pacific,CN,HKD,SEHK,Consumer Discretionary,Hotels Restaurants and Leisure,Mid Cap,Core,3883.96,2913.62,13.17,22.2238,22.724468905893264,22.20701168076963,23.252926115380152,0.7254722024216614,1.255577138031308,1.0,0.6874563401670463,-0.4014,-0.2506,,-0.0787,22.0,0.7291269588833788,0.1870007390377024,0.43870376704874103,0.7183374758599034,1.0494551751021002,1.0,1.0,0.046025913254205054,0.7781426816358419,0.7781426816358419,0.6822879567283842,0.021147815591925676,34.30482922778321,3.8990592370673727,0.04318424569327728,16.799464498568273,0.0,0.01880483043571348
KYG5966D1051,1357,Meitu Inc.,Asia / Pacific,Asia / Pacific,CN,HKD,SEHK,Communication Services,Interactive Media and Services,Small Cap,Core,2279.51,1818.2,3.93,9.2292,7.701051352591012,7.496626741082764,7.910985835286583,0.9595550515498688,1.7770288664381788,1.0,1.3483969465648855,-0.4327,1.7504,,0.1232,9.0,1.0050500817613932,0.43921036534938757,0.380851202668106,0.9618576409198164,1.7770326994773575,0.997875,1.0,0.05380552280883159,0.855177368220753,0.8533601163132838,0.9023318277899623,0.02814229498028306,34.09654586529451,2.288311390287626,0.057223223759906405,16.768629736344625,0.0,0.018770314902483796
