asof_date,n_isin,observed_pt,expected_pt,expected_pt_hdi_lo,expected_pt_hdi_hi,last_price,expected_vs_observed_pct
2019-12-30,9,32.6,14.292,6.981,26.241,44.05,-56.159
2020-02-24,1,0.053,14.689,7.424,26.327,44.05,27615.301
2020-03-30,5,15.0,14.98,7.731,26.432,44.05,-0.133
2020-04-27,5,1.875,15.218,7.983,26.533,44.05,711.643
2020-05-25,13,4.1,15.472,8.26,26.638,44.05,277.375
2020-06-29,251,16.75,15.806,8.615,26.773,44.05,-5.633
2020-07-27,26,34.865,16.08,8.898,26.882,44.05,-53.879
2020-08-31,42,86.72,16.425,9.246,27.057,44.05,-81.059
2020-09-28,145,37.9,16.699,9.536,27.193,44.05,-55.94
2020-10-26,29,54.58,16.974,9.831,27.328,44.05,-68.901
2020-11-30,29,56.21,17.316,10.223,27.475,44.05,-69.193
2020-12-28,4070,37.575,17.59,10.539,27.569,44.05,-53.187
2021-01-25,108,67.215,17.865,10.871,27.663,44.05,-73.422
2021-02-22,48,68.745,18.137,11.202,27.774,44.05,-73.617
2021-03-29,738,795.833,18.474,11.623,27.895,44.05,-97.679
2021-04-26,30,60.985,18.725,11.955,27.981,44.05,-69.296
2021-05-31,21,61.48,19.037,12.38,28.055,44.05,-69.036
2021-12-27,9,42.2,20.994,15.225,28.44,44.05,-50.251
2022-02-28,1,0.076,21.621,16.195,28.595,44.05,28537.673
2022-03-28,6,5.849,21.949,16.665,28.728,44.05,275.27
2022-04-25,5,0.986,22.291,17.144,28.865,44.05,2161.233
2022-05-30,14,3.76,22.757,17.784,29.032,44.05,505.246
2022-06-27,261,14.36,23.152,18.326,29.184,44.05,61.224
2022-07-25,28,26.685,23.558,18.891,29.37,44.05,-11.719
2022-08-29,44,73.205,24.076,19.605,29.559,44.05,-67.112
2022-09-26,149,36.825,24.49,20.2,29.715,44.05,-33.496
2022-10-31,29,57.35,25.016,20.946,29.932,44.05,-56.381
2022-11-28,29,73.18,25.438,21.558,30.114,44.05,-65.239
2022-12-26,4407,31.95,25.86,22.172,30.259,44.05,-19.06
2023-01-30,112,53.025,26.397,22.943,30.457,44.05,-50.218
2023-02-27,46,68.15,26.829,23.595,30.645,44.05,-60.632
2023-03-27,769,913.61,27.261,24.239,30.792,44.05,-97.016
2023-04-24,30,58.54,27.669,24.878,30.976,44.05,-52.735
2023-05-29,22,74.755,28.181,25.581,31.207,44.05,-62.302
2023-12-25,10,26.37,31.43,28.331,33.804,44.05,19.189
2024-02-26,1,0.128,32.497,28.783,35.461,44.05,25379.797
2024-03-25,7,2.192,33.042,29.173,36.294,44.05,1407.401
2024-04-29,5,1.132,33.774,29.685,37.429,44.05,2883.583
2024-05-27,15,5.14,34.409,30.189,38.435,44.05,569.441
2024-06-24,276,18.799,35.078,30.72,39.526,44.05,86.599
2024-07-29,29,55.554,35.944,31.3,40.984,44.05,-35.3
2024-08-26,45,65.168,36.647,31.699,42.122,44.05,-43.765
2024-09-30,172,39.185,37.54,32.139,43.673,44.05,-4.199
2024-10-28,37,28.72,38.27,32.464,44.981,44.05,33.252
2024-11-25,55,30.752,39.019,32.798,46.301,44.05,26.883
2024-12-23,10,38.59,39.788,33.117,47.664,44.05,3.104
2024-12-30,4915,36.15,39.982,33.185,48.02,44.05,10.602
2025-01-27,151,61.76,40.773,33.441,49.434,44.05,-33.982
2025-02-17,1,0.088,41.373,33.612,50.511,44.05,46808.082
2025-02-24,117,48.347,41.596,33.707,50.891,44.05,-13.965
2025-03-24,437,28.361,42.497,34.104,52.541,44.05,49.843
2025-03-31,824,1289.654,42.727,34.211,52.925,44.05,-96.687
2025-04-21,5,1.016,43.39,34.413,54.123,44.05,4170.666
2025-04-28,113,28.134,43.627,34.496,54.573,44.05,55.066
2025-05-19,15,9.228,44.35,34.698,55.851,44.05,380.6
2025-05-26,381,26.349,44.599,34.791,56.291,44.05,69.267
2025-06-23,268,19.42,45.622,35.068,58.098,44.05,134.922
2025-06-30,5162,38.89,45.885,35.11,58.581,44.05,17.987
2025-07-21,29,33.456,46.686,35.296,60.006,44.05,39.544
2025-07-28,224,65.966,46.958,35.347,60.488,44.05,-28.815
2025-08-18,45,71.644,47.78,35.525,62.088,44.05,-33.309
2025-08-25,278,56.946,48.056,35.618,62.625,44.05,-15.612
2025-09-01,45,71.727,48.333,35.695,63.154,44.05,-32.615
2025-09-22,156,40.14,49.171,35.884,64.737,44.05,22.499
2025-09-29,5812,53.025,49.455,35.945,65.278,44.05,-6.733
2025-10-20,32,50.291,50.317,36.127,66.933,44.05,0.052
2025-10-27,211,65.24,50.608,36.189,67.485,44.05,-22.428
2025-11-17,29,58.253,51.491,36.346,69.214,44.05,-11.609
2025-11-24,4850,43.804,51.788,36.4,69.797,44.05,18.228
2025-12-01,29,59.245,52.088,36.455,70.411,44.05,-12.08
2025-12-22,4754,39.772,53.0,36.62,72.345,44.05,33.26
2025-12-29,6290,48.448,53.31,36.674,72.967,44.05,10.035
2026-01-19,118,84.531,54.253,36.826,74.974,44.05,-35.819
2026-01-26,199,81.15,54.569,36.888,75.677,44.05,-32.755
2026-02-16,48,92.393,55.527,37.056,77.737,44.05,-39.902
2026-02-23,907,1229.4,55.848,37.11,78.467,44.05,-95.457
2026-03-23,835,1437.533,57.095,37.333,81.294,44.05,-96.028
2026-03-30,1034,1222.0,57.396,37.371,81.968,44.05,-95.303
2026-04-20,33,48.995,58.264,37.519,84.039,44.05,18.918
2026-04-27,57,62.509,58.558,37.499,84.706,44.05,-6.321
2026-05-18,24,74.317,59.45,37.569,86.865,44.05,-20.005
2026-05-25,24,73.325,59.75,37.598,87.609,44.05,-18.514
2026-06-01,24,69.375,60.051,37.631,88.418,44.05,-13.441
2026-06-29,57,62.472,61.271,37.778,91.43,44.05,-1.922
2026-12-28,1050,792.932,69.957,38.603,114.349,44.05,-91.177
