,isin,ticker,name,trading_region,region,country,unit,exchange,sector,industry,size_class,style_class,market_cap,enterprise_value,last_price,observed_pt,expected_pt,expected_pt_hdi_lo,expected_pt_hdi_hi,expected_upside,risk_adj_return,prob_pos,implied_upside,total_return_ytd,total_return_5y,total_return_10y,tr_cagr_3y,n_analysts,er_mean,er_sd,er_p05,er_p50,er_p95,mc_prob_pos
4,US44862P2083,HYMC,Hycroft Mining Holding Corporation,United States and Canada,United States and Canada,US,USD,NasdaqCM,Materials,Metals and Mining,Small Cap,Core,1847.31,1657.49,20.22,28.0,56.57492055330947,53.72728124763173,59.556946679615926,1.7979683755345863,3.2361440478876817,1.0,0.3847675568743818,-0.1493,-0.1132,,0.6681,1.0,1.999226682421156,1.213916399289171,0.48363781389840915,1.8005643484697198,4.144221960879177,0.9925
16,NL00150745D9,INIO,Innio N.V.,United States and Canada,Europe,DE,USD,NasdaqGS,Industrials,Electrical Equipment,Mid Cap,Core,19710.0,21823.3,26.28,44.6,65.19400672997432,61.92491909223781,68.58999409502931,1.4807460703947624,2.7428459939881145,1.0,0.6971080669710806,,,,,10.0,1.4998824819222631,0.3467525505022726,0.970894715153925,1.4777715145131034,2.095275503481894,1.0
27,GB00B608Z994,IKA,Ilika plc,Europe,Europe,GB,GBP,AIM,Industrials,Electrical Equipment,Small Cap,Core,76.17,67.42,0.2875,1.18,0.6594346149625772,0.6363699211716265,0.6825950238925559,1.2936856172611377,2.4222053171952855,1.0,3.1043478260869564,-0.2333,-0.8201,-0.4655,-0.135,1.0,1.464375681225364,1.00164003706673,0.24131682215351805,1.2955006837335616,3.241988261853595,0.9828125
28,GB00BQH8G337,RZLV,Rezolve AI PLC,United States and Canada,Europe,GB,USD,NasdaqGM,Information Technology,Software,Small Cap,Growth,893.37,939.54,2.24,10.5,5.128862314489569,4.952801171629368,5.303130915129658,1.289670676111413,2.415079993413838,1.0,3.6875,-0.1284,,,-0.4033,5.0,1.5038640414719955,1.0818352094946981,0.1884365001320982,1.3193294691031694,3.445172169343949,0.9779375
37,SG9999014716,WVE,Wave Life Sciences Ltd.,United States and Canada,Asia / Pacific,SG,USD,NasdaqGM,Health Care,Pharmaceuticals,Small Cap,Growth,1117.86,588.98,5.81,21.9375,12.914335006445189,12.480979554401056,13.362346876255788,1.222777109543057,2.293513874282075,1.0,2.775817555938038,-0.6582,-0.0051,-0.7246,0.1141,16.0,1.2852086722359488,0.5778576267439415,0.48286431432558097,1.214333456941572,2.3082651166887582,0.9983125
42,US5949724083,MSTR,Strategy Inc,United States and Canada,United States and Canada,US,USD,NasdaqGS,Information Technology,Software,Large Cap,Core,32923.54,47958.64,91.67,303.6429,201.18766770484723,196.46554699439957,205.89251737967047,1.1946947496983495,2.2417418559900932,1.0,2.3123475509981457,-0.3967,0.6985,3.8802,0.2858,14.0,1.285691736523834,0.648193880130319,0.4234381015902796,1.1943930058925272,2.453577273736364,0.99625
60,US30233G2093,EYPT,EyePoint Inc.,United States and Canada,United States and Canada,US,USD,NasdaqGM,Health Care,Pharmaceuticals,Small Cap,Core,1022.03,821.79,12.19,40.2857,25.84172433221234,25.109083119444698,26.59357606722631,1.119911758179845,2.0994431311377975,1.0,2.3048154224774406,-0.3328,0.4794,-0.6507,0.0516,14.0,1.1751427947250217,0.47598584229472773,0.516253307236347,1.1202683050867859,2.0156084741599667,0.9990625
64,AU0000421851,ELV,Elevra Lithium Limited,Asia / Pacific,Asia / Pacific,AU,AUD,ASX,Materials,Metals and Mining,Small Cap,Value,1049.58,1048.76,7.75,14.8157,16.294614706133235,15.624686511147669,16.979075505407394,1.1025309298236412,2.0651658522881,1.0,0.9117032258064516,-0.0361,-0.3448,1.137,-0.2995,4.0,1.1613116937858359,0.5327863281845358,0.4180782513835346,1.1039333276037149,2.090019002142992,0.997125
70,TW0003081006,3081,LandMark Optoelectronics Corporation,Asia / Pacific,Asia / Pacific,TW,TWD,TPEX,Information Technology,Semiconductors and Semiconductor Equipment,Mid Cap,Core,5534.33,5483.76,1760.0,2376.3944,3633.00710317637,3434.945468999473,3840.1229283691955,1.0642085813502093,1.9889204686622208,1.0,0.3502240909090909,2.1632,7.5909,4.9549,1.6153,8.0,1.1087997073858364,0.47560869521867555,0.4377175849981656,1.0540746549766848,1.951615503005845,0.998375
85,US0381692070,APLD,Applied Digital Corporation,United States and Canada,United States and Canada,US,USD,NasdaqGS,Information Technology,IT Services,Small Cap,Growth,7770.07,9853.34,27.19,73.0455,55.099824529202536,53.671872740921536,56.52450823400164,1.0264738701435214,1.914737146110684,1.0,1.686484001471129,0.1089,2.5966,452.1742,0.4571,11.0,1.0645985666422384,0.41158068489154986,0.46906892113369436,1.0235969078239355,1.7922016798416085,0.9989375
94,KR7095340006,A095340,ISC Co. Ltd.,Asia / Pacific,Asia / Pacific,KR,KRW,KOSDAQ,Information Technology,Semiconductors and Semiconductor Equipment,Small Cap,Growth,1885.48,1662.0,134600.0,291875.0,268872.5978615655,257866.41184921545,280064.50155010854,0.9975675918392694,1.8552007656428169,1.0,1.1684621099554235,0.2115,4.5008,4.6979,0.0866,8.0,1.0303050376353007,0.38968916295218564,0.47256940436080386,0.9957185545188715,1.7222249287905593,0.99875
95,KYG4672N1198,HCM,HUTCHMED (China) Limited,Europe,Asia / Pacific,HK,GBP,AIM,Health Care,Pharmaceuticals,Small Cap,Core,1901.22,656.39,1.66,3.4236,3.307285982466773,3.1757858396536114,3.443440817754525,0.9923409532932483,1.8445475354610574,1.0,1.0624096385542168,-0.2019,-0.7138,-0.1147,-0.072,7.0,1.0482354377095018,0.49816003331502673,0.35553122943468607,0.9911054281794649,1.919153680026276,0.9970625
108,US92686J1060,VKTX,Viking Therapeutics Inc.,United States and Canada,United States and Canada,US,USD,NasdaqCM,Health Care,Biotechnology,Small Cap,Core,4039.32,3436.35,34.79,92.579,68.46542021432455,66.32924182181237,70.76615125685132,0.9679626391010249,1.7943966859045666,1.0,1.6610807703363035,-0.0111,5.0295,25.7615,0.3381,19.0,0.9876928958111635,0.27695005182021953,0.5695305296634825,0.9705445249166903,1.4644216187854258,0.9999375
121,US00246W1036,AXTI,AXT Inc.,United States and Canada,United States and Canada,US,USD,NasdaqGS,Information Technology,Semiconductors and Semiconductor Equipment,Small Cap,Core,3013.99,3050.04,47.23,96.5,92.07305302784503,88.25630146214422,96.05418461924721,0.9494612116842043,1.7552096457205106,1.0,1.0431928858776203,1.8887,3.8096,12.4176,1.5042,4.0,1.0156569760859788,0.5441074164751079,0.2650479437281132,0.946335426930061,2.0052132591446363,0.992125
149,US0937121079,BE,Bloom Energy Corporation,United States and Canada,United States and Canada,US,USD,NYSE,Industrials,Electrical Equipment,Large Cap,Growth,52590.83,53078.75,184.89,286.2,351.70075988795685,339.8347827705038,363.536013236722,0.9022162360752687,1.6550512817449305,1.0,0.5479474282005516,1.1279,7.6035,,1.1803,26.0,0.9126242646800664,0.20064030977170405,0.6025674588806825,0.9021711398728391,1.2538620626105303,1.0
158,TW0006510001,6510,Chunghwa Precision Test Tech. Co. Ltd.,Asia / Pacific,Asia / Pacific,TW,TWD,TPEX,Information Technology,Electronic Equipment Instruments and Components,Small Cap,Growth,2624.01,2459.99,2590.0,4500.7143,4903.842232615687,4676.970082418046,5136.2537990592145,0.8933753793883015,1.6353381670712634,1.0,0.7377275289575289,0.1396,3.3628,2.9825,0.6825,7.0,0.9199984993757773,0.3484773068230626,0.4133719058520366,0.8894815749305031,1.5291147660951485,0.9990625
170,KR7066970005,A066970,L&F Co. Ltd.,Asia / Pacific,Asia / Pacific,KR,KRW,KOSE,Industrials,Electrical Equipment,Small Cap,Core,2211.33,3198.64,81900.0,193040.0,153442.75001276165,149529.24559238614,157500.1573074245,0.8735378511936697,1.5930317474994613,1.0,1.357020757020757,-0.1397,-0.2635,5.4466,-0.3007,25.0,0.8925293833567884,0.25958419616902767,0.5008672061539091,0.8774568911054276,1.3322180976690152,0.9999375
171,TW0002337003,2337,Macronix International Co. Ltd.,Asia / Pacific,Asia / Pacific,TW,TWD,TWSE,Information Technology,Semiconductors and Semiconductor Equipment,Mid Cap,Value,7391.29,7606.16,124.0,193.5,232.31605203569373,224.09280145270867,240.86036800901775,0.8735165486749474,1.5926310848585736,1.0,0.5604838709677419,2.1432,2.4059,19.4827,0.6055,8.0,0.9087625613784835,0.38934994545569457,0.3535019121305287,0.8744139135684733,1.5828743699420973,0.9973125
176,KYG8924B1041,6110,Topsports International Holdings Limited,Asia / Pacific,Asia / Pacific,HK,HKD,SEHK,Consumer Discretionary,Specialty Retail,Small Cap,Value,1027.99,1233.91,1.3,1.9964,2.4328703424925333,2.3739295747773252,2.4941740172849083,0.8714387249942579,1.5884771050768418,1.0,0.5356923076923077,-0.5533,-0.8262,,-0.3668,16.0,0.8849396832131969,0.3094265997720226,0.4329121017235966,0.858860842018326,1.4217558890828503,0.9998125
181,CA55027C1068,LMN,Lumine Group Inc.,United States and Canada,United States and Canada,CA,CAD,TSXV,Information Technology,Software,Small Cap,Core,3810.84,3951.56,20.94,40.5,39.06472868209784,35.936411155808614,42.25950865565721,0.8655553334335154,1.5720430505581622,1.0,0.9340974212034384,-0.2284,,,0.0069,4.0,0.9256272254775525,0.5027146495569976,0.23832214751693773,0.8644251871883182,1.8151182102075507,0.990625
183,ID1000107303,DEWA,PT Darma Henwa Tbk,Asia / Pacific,Asia / Pacific,ID,IDR,IDX,Materials,Metals and Mining,Small Cap,Core,1001.5,1206.98,442.0,922.182,822.7598716029839,794.5374082697659,851.980713807224,0.8614476733099254,1.5661789894697928,1.0,1.0863846153846155,-0.3371,7.883,7.883,0.993,4.0,0.9263805582372957,0.565328809260852,0.17999665454052277,0.8414035488403371,1.925765013074587,0.9845625
187,FR0010353888,ALMDG,MGI Digital Technology Société Anonyme,Europe,Europe,FR,EUR,ENXTPA,Information Technology,Technology Hardware Storage and Peripherals,Small Cap,Value,73.02,53.39,10.52,23.65,19.537779764369585,19.027911690517172,20.047784385700883,0.8572033996549034,1.5571088248054146,1.0,1.2480988593155895,0.1227,-0.7232,-0.6588,-0.2854,2.0,0.981655943960141,0.7561061114600289,0.03726244070802076,0.8542499382237791,2.3463058411924,0.959625
189,FR0010820274,ALUNI,Unify Group SA,Europe,Europe,FR,EUR,ENXTPA,Communication Services,Media,Small Cap,Value,114.69,233.1,1.8,5.55,3.3392558413015623,3.252496217953841,3.430137168193189,0.855142134056422,1.5525365794022095,1.0,2.0833333333333335,0.1465,-0.5446,0.9585,-0.2333,2.0,1.0370034007413427,0.9657276331746631,-0.08049281722923728,0.8626289877156826,2.7400362315950613,0.928875
202,IL0011858912,PGY,Pagaya Technologies Ltd.,United States and Canada,United States and Canada,US,USD,NasdaqCM,Information Technology,Software,Small Cap,Value,1317.67,1086.43,15.89,26.5,29.414505259994367,28.434922762506538,30.420704364702047,0.8511331189423741,1.543434025989363,1.0,0.6677155443675268,-0.2397,,,-0.1164,10.0,0.8793851439284376,0.3012698124274064,0.4371669221064169,0.8551352961153336,1.4077880484239702,0.9995625
204,AU000000RSG6,RSG,Resolute Mining Limited,Asia / Pacific,Asia / Pacific,AU,AUD,ASX,Materials,Metals and Mining,Small Cap,Core,1380.09,1230.12,0.925,2.04,1.7100846040672335,1.6648749175980202,1.7567299853843341,0.8487401125051213,1.538360826789888,1.0,1.2054054054054053,-0.2449,0.8273,-0.2572,0.3122,5.0,0.9211050798573018,0.5275844678134728,0.19665387036065982,0.8537300452001994,1.8571264153646103,0.9884375
6307,JP3162350007,2175,SMS Co. Ltd.,Asia / Pacific,Asia / Pacific,JP,JPY,TSE,Industrials,Professional Services,Small Cap,Core,1194.24,1154.59,2384.0,1706.2,2132.371031061489,2081.93234160186,2184.4734767046425,-0.10554906415206022,-1.4382217768677208,0.0,-0.28431208053691276,0.7974,-0.1861,1.3315,-0.0363,5.0,-0.09044448230755041,0.17271258647112905,-0.3335058961964999,-0.10711444515383474,0.204591400906133,0.254125
6308,US70959W1036,PAG,Penske Automotive Group Inc.,United States and Canada,United States and Canada,US,USD,NYSE,Consumer Discretionary,Specialty Retail,Mid Cap,Value,14290.6,23558.2,217.35,197.875,194.34009938323825,190.08315135829275,198.53130326173405,-0.10586565731199327,-1.4396180339520195,0.0,-0.08960202438463308,0.3971,2.0121,6.7984,0.121,8.0,-0.09774618498438097,0.1321659722936883,-0.29621067592099587,-0.10776042045119827,0.13157650542578514,0.197625
6314,US69318G1067,PBF,PBF Energy Inc.,United States and Canada,United States and Canada,US,USD,NYSE,Energy,Oil Gas and Consumable Fuels,Small Cap,Core,7344.4,10483.25,61.63,56.8462,54.792276532360916,53.43499318085396,56.17243829221398,-0.11094797124191286,-1.4630651781514077,0.0,-0.07762128833360377,1.3059,6.6318,2.6622,0.1423,13.0,-0.10605277976376938,0.10721063414578401,-0.2696023511853123,-0.11272437288005563,0.07811331121449655,0.148375
6317,INE117A01022,500002,ABB India Limited,Asia / Pacific,Asia / Pacific,IN,INR,BSE,Industrials,Electrical Equipment,Large Cap,Core,16200.62,15604.87,7369.7,6376.4444,6532.91886341339,6363.064853383672,6714.560333111145,-0.11354344635285216,-1.475109049735018,0.0,-0.13477558109556698,0.4312,3.4429,5.6193,0.202,27.0,-0.11076447023773886,0.07312137394108731,-0.2259457983204722,-0.11289341969898875,0.011860503918155468,0.0654375
6328,ES0130670112,ELE,Endesa S.A.,Europe,Europe,ES,EUR,BME,Utilities,Electric Utilities,Large Cap,Core,49045.33,63311.39,41.16,34.5596,36.065757899532116,34.9918955562522,37.175651561076805,-0.12376681488016995,-1.5227923689809164,0.0,-0.16035957240038873,0.3924,1.4603,2.8064,0.3404,23.0,-0.11848506386062309,0.07757773404394266,-0.2381903289984906,-0.12283417888616135,0.014891118030371379,0.0666875
6329,ES0125220311,ANA,Acciona S.A.,Europe,Europe,ES,EUR,BME,Utilities,Electric Utilities,Mid Cap,Core,15344.46,25887.95,247.6,208.0917,216.83812861868142,209.33903268575264,224.3499299646245,-0.12424019136235154,-1.525192121086876,0.0,-0.15956502423263327,0.3556,1.1304,3.7891,0.237,12.0,-0.11847685158581488,0.11125195532037069,-0.287652146260675,-0.12528804759287016,0.06899936225593525,0.1335
6330,US35909R1086,ULCC,Frontier Group Holdings Inc.,United States and Canada,United States and Canada,US,USD,NasdaqGS,Industrials,Passenger Airlines,Small Cap,Growth,1335.08,5811.08,5.81,6.6667,5.08642560571569,4.956692697364705,5.219045197401437,-0.12453948266510947,-1.5262554619249191,0.0,0.1474526678141136,0.2335,-0.6127,,-0.1609,9.0,-0.11213998940973337,0.15320731707812174,-0.32742900271464537,-0.12452476631973874,0.13887032229236712,0.1899375
6334,US7244791007,PBI,Pitney Bowes Inc.,United States and Canada,United States and Canada,US,USD,NYSE,Industrials,Commercial Services and Supplies,Small Cap,Value,2421.69,4375.9,17.88,17.14,15.617287479986912,15.157829795658541,16.085494185519103,-0.12654991722668305,-1.5358161164749318,0.0,-0.04138702460850112,0.7057,1.5888,0.5105,0.7279,5.0,-0.11208657220318166,0.16988395643956467,-0.3561022798834959,-0.12752885120574456,0.18832167485430037,0.218875
6337,DE000A13SX22,HLE,HELLA GmbH & Co. KGaA,Europe,Europe,DE,EUR,XTRA,Consumer Discretionary,Automobile Components,Mid Cap,Core,9007.64,8682.09,71.3,65.0,62.18641840213406,60.42130964734369,63.953391504821305,-0.12782021876389843,-1.541730676365325,0.0,-0.08835904628330996,-0.1342,0.3295,1.8326,-0.0003,2.0,-0.09347183003659688,0.2719348199060045,-0.45105250278114073,-0.13071292597581763,0.3891289927701145,0.3
6338,JP3236330001,285A,Kioxia Holdings Corporation,Asia / Pacific,Asia / Pacific,JP,JPY,TSE,Information Technology,Semiconductors and Semiconductor Equipment,Large Cap,Core,187328.37,192060.91,56010.0,116768.75,48800.62185484593,44265.55695347766,53694.64770098297,-0.12871591046516814,-1.5508509590755353,0.00475,1.0847839671487234,4.3675,,,,16.0,-0.11443653100577145,0.1482810018109669,-0.33564651057741085,-0.12530076308818747,0.13964131457153345,0.1956875
6348,US12662P1084,CVI,CVR Energy Inc.,United States and Canada,United States and Canada,US,USD,NYSE,Energy,Oil Gas and Consumable Fuels,Small Cap,Value,3362.75,4848.75,33.45,29.4,28.881994153102386,27.970405258455212,29.842968424695908,-0.13656220768004743,-1.5831674498065005,0.0,-0.1210762331838565,0.3188,2.5796,5.9452,0.0392,5.0,-0.1216333035221902,0.1726511316306978,-0.3726011196647452,-0.1372084960489302,0.18523039927869606,0.206625
6350,TW0008454000,8454,momo.com Inc.,Asia / Pacific,Asia / Pacific,TW,TWD,TWSE,Consumer Discretionary,Broadline Retail,Small Cap,Value,1952.68,1915.18,238.5,185.5,205.39490724250788,198.82055908879923,212.3775075665382,-0.1388054203668419,-1.593873302311818,0.0,-0.2222222222222222,0.1755,-0.7338,1.7525,-0.1985,4.0,-0.1199357004797491,0.22824655744212868,-0.3994322570536518,-0.14123332871989241,0.22543553256317966,0.2286875
6352,US05988J1034,BAND,Bandwidth Inc.,United States and Canada,United States and Canada,US,USD,NasdaqGS,Communication Services,Diversified Telecommunication Services,Small Cap,Value,1914.63,2287.58,59.8,67.25,51.261177618311706,49.55984061600338,52.956406123752025,-0.1427896719345852,-1.6128772724770652,0.0,0.1245819397993311,2.8706,-0.5523,,0.6176,4.0,-0.11649382101415216,0.231283834804209,-0.43734982255078386,-0.14415802967619576,0.3016188549512761,0.2526875
6356,MYL5005OO003,UNISEM,Unisem (M) Berhad,Asia / Pacific,Asia / Pacific,MY,MYR,KLSE,Information Technology,Semiconductors and Semiconductor Equipment,Small Cap,Core,1849.26,1908.83,4.69,3.7278,3.9954960198125726,3.8657021227271553,4.122471671842759,-0.14808187210819532,-1.6382419028483408,0.0,-0.20515991471215353,0.5332,0.2911,3.6267,0.1405,9.0,-0.13788893087804258,0.13741472197753868,-0.3409645852852831,-0.1477703833721172,0.10368836338812758,0.14275
6357,US09180C1062,BJRI,BJ's Restaurants Inc.,United States and Canada,United States and Canada,US,USD,NasdaqGS,Consumer Discretionary,Hotels Restaurants and Leisure,Small Cap,Core,1405.19,1845.17,66.86,55.125,56.92365037438295,55.593522077975365,58.25395004154546,-0.14861426302149489,-1.640507924861254,0.0,-0.17551600358959019,0.697,0.5089,0.5426,0.2555,8.0,-0.13559334195320036,0.1375367753471775,-0.34127877606580387,-0.1451700490799162,0.10367653547602584,0.1466875
6362,INE777K01022,RRKABEL,R R Kabel Limited,Asia / Pacific,Asia / Pacific,IN,INR,NSEI,Industrials,Electrical Equipment,Mid Cap,Growth,2925.8,2946.69,2493.6,2106.3077,2106.3221949013127,2056.8871839136273,2156.0175043738955,-0.1553087123430717,-1.672879815613406,0.0,-0.15531452518447225,0.7209,,,,13.0,-0.14714630447589774,0.10155875232317546,-0.30387973279935826,-0.15348027953156182,0.028401795826343952,0.0774375
6364,INE947Q01028,LAURUSLABS,Laurus Labs Limited,Asia / Pacific,Asia / Pacific,IN,INR,NSEI,Health Care,Pharmaceuticals,Large Cap,Growth,8967.22,9230.3,1601.2,1162.4615,1350.8314134786126,1317.673403714986,1383.922738819644,-0.15636309425517464,-1.6780292687373422,0.0,-0.2740060579565326,0.4466,1.5095,,0.6648,13.0,-0.14938336586550707,0.10529530011516959,-0.30898395717889615,-0.1551363667677485,0.03433663516645002,0.0810625
6370,INE120A01034,CARBORUNIV,Carborundum Universal Limited,Asia / Pacific,Asia / Pacific,IN,INR,NSEI,Materials,Chemicals,Small Cap,Growth,2103.19,2084.62,1064.3,975.1667,891.0959923453951,858.5884181525223,924.2004872929325,-0.16273983618773114,-1.709589528603037,0.0,-0.083748285257916,0.2458,0.6238,3.5185,-0.033,6.0,-0.1509609715004753,0.1397770891193396,-0.35472665130964354,-0.16293009772540568,0.09287760950844738,0.13125
6373,US3846371041,GHC,Graham Holdings Company,United States and Canada,United States and Canada,US,USD,NYSE,Consumer Discretionary,Diversified Consumer Services,Small Cap,Core,4974.17,5294.81,1154.88,990.0,959.7136482826904,918.4780054453261,1002.9576004711308,-0.1689927539807662,-1.7406319266093908,0.0,-0.14276807980049874,0.0564,0.85,1.5139,0.2658,1.0,-0.10502505275453007,0.35891691424058036,-0.5451272131404306,-0.1691047947128276,0.5523621259625813,0.301125
6374,US4448591028,HUM,Humana Inc.,United States and Canada,United States and Canada,US,USD,NYSE,Health Care,Health Care Providers and Services,Large Cap,Value,46742.34,56228.34,389.32,347.9583,322.5774993871565,315.19470302424406,330.1340754721134,-0.17143352669485945,-1.7518966120765984,0.0,-0.10624088153703894,0.5313,-0.1314,1.4068,-0.0379,24.0,-0.1677605822565608,0.08088862577321539,-0.2914645633099008,-0.17136361720605664,-0.032803523446199405,0.026375
6380,US34959E1091,FTNT,Fortinet Inc.,United States and Canada,United States and Canada,US,USD,NasdaqGS,Information Technology,Software,Large Cap,Growth,111633.64,108905.94,152.37,133.0,123.33905644329639,120.5810169868043,126.07527462750994,-0.1905292613815318,-1.8474644488389238,0.0,-0.12712476209227538,0.9188,1.7632,20.3045,0.2537,37.0,-0.18828707050954416,0.061810775495452684,-0.28402726071096096,-0.19158635943359392,-0.0823532966625929,0.0044375
6383,US4579852082,IART,Integra LifeSciences Holdings Corporation,United States and Canada,United States and Canada,US,USD,NasdaqGS,Health Care,Health Care Equipment and Supplies,Small Cap,Value,1539.6,3314.98,19.79,18.625,15.897922061358173,15.499779380176307,16.302455271492168,-0.1966689205983745,-1.8787637481705004,0.0,-0.05886811520970187,0.5934,-0.7111,-0.4993,-0.2432,8.0,-0.1868994875003357,0.1390714328798191,-0.38905114270903446,-0.1992654785238735,0.05914591359750556,0.08925
6386,FR001400OKR3,CO,Casino Guichard-Perrachon S.A.,Europe,Europe,FR,EUR,ENXTPA,Consumer Staples,Consumer Staples Distribution and Retail,Small Cap,Value,78.18,3442.59,0.1718,0.05,0.13582878734074846,0.12876335026135352,0.14310088058849782,-0.20937842060099882,-1.9453338366078383,0.0,-0.7089639115250291,-0.2988,-0.9999,-1.0,-0.9202,2.0,-0.1848485538732992,0.22532480762714346,-0.495513831714608,-0.2122328000079129,0.21562926243418898,0.169875
6389,SE0001057910,SOSI,Sotkamo Silver AB,Europe,Europe,SE,SEK,NGM,Materials,Metals and Mining,Small Cap,Core,138.13,151.83,3.975,3.7,3.1143720793316714,2.712354955695347,3.5419339251223945,-0.21651016872159182,-1.9908227466795372,0.0,-0.06918238993710692,0.8531,0.8125,0.0529,0.8951,1.0,-0.16579022586750458,0.3347424948670313,-0.5837122789926685,-0.21960494035834233,0.45191337177872204,0.240625
6400,ROSNPPACNOR9,SNP,OMV Petrom S.A.,Europe,Europe,RO,RON,BVB,Energy,Oil Gas and Consumable Fuels,Mid Cap,Core,17007.01,15200.61,1.251,0.9625,0.9051281122113425,0.839491544344828,0.973381635788982,-0.27647632916759274,-2.310536819606952,0.0,-0.23061550759392485,0.3299,4.515,11.7829,0.4632,5.0,-0.26618196698032365,0.13963127866917985,-0.46882565161844475,-0.27975815982177077,-0.016822532190725773,0.0421875
