isin,ticker,name,trading_region,region,sector,industry,market_cap,enterprise_value,last_price,observed_pt,expected_pt,expected_pt_hdi_lo,expected_pt_hdi_hi,expected_upside
US44862P2083,HYMC,Hycroft Mining Holding Corporation,United States and Canada,United States and Canada,Materials,Metals and Mining,1847.31,1657.49,20.22,28.0,56.575,53.727,59.557,1.798
NL00150745D9,INIO,Innio N.V.,United States and Canada,Europe,Industrials,Electrical Equipment,19710.0,21823.3,26.28,44.6,65.194,61.925,68.59,1.481
GB00B608Z994,IKA,Ilika plc,Europe,Europe,Industrials,Electrical Equipment,76.17,67.42,0.288,1.18,0.659,0.636,0.683,1.294
GB00BQH8G337,RZLV,Rezolve AI PLC,United States and Canada,Europe,Information Technology,Software,893.37,939.54,2.24,10.5,5.129,4.953,5.303,1.29
SG9999014716,WVE,Wave Life Sciences Ltd.,United States and Canada,Asia / Pacific,Health Care,Pharmaceuticals,1117.86,588.98,5.81,21.938,12.914,12.481,13.362,1.223
US5949724083,MSTR,Strategy Inc,United States and Canada,United States and Canada,Information Technology,Software,32923.54,47958.64,91.67,303.643,201.188,196.466,205.893,1.195
US30233G2093,EYPT,EyePoint Inc.,United States and Canada,United States and Canada,Health Care,Pharmaceuticals,1022.03,821.79,12.19,40.286,25.842,25.109,26.594,1.12
AU0000421851,ELV,Elevra Lithium Limited,Asia / Pacific,Asia / Pacific,Materials,Metals and Mining,1049.58,1048.76,7.75,14.816,16.295,15.625,16.979,1.103
TW0003081006,3081,LandMark Optoelectronics Corporation,Asia / Pacific,Asia / Pacific,Information Technology,Semiconductors and Semiconductor Equipment,5534.33,5483.76,1760.0,2376.394,3633.007,3434.945,3840.123,1.064
US0381692070,APLD,Applied Digital Corporation,United States and Canada,United States and Canada,Information Technology,IT Services,7770.07,9853.34,27.19,73.046,55.1,53.672,56.525,1.026
KR7095340006,A095340,ISC Co. Ltd.,Asia / Pacific,Asia / Pacific,Information Technology,Semiconductors and Semiconductor Equipment,1885.48,1662.0,134600.0,291875.0,268872.598,257866.412,280064.502,0.998
KYG4672N1198,HCM,HUTCHMED (China) Limited,Europe,Asia / Pacific,Health Care,Pharmaceuticals,1901.22,656.39,1.66,3.424,3.307,3.176,3.443,0.992
US92686J1060,VKTX,Viking Therapeutics Inc.,United States and Canada,United States and Canada,Health Care,Biotechnology,4039.32,3436.35,34.79,92.579,68.465,66.329,70.766,0.968
US00246W1036,AXTI,AXT Inc.,United States and Canada,United States and Canada,Information Technology,Semiconductors and Semiconductor Equipment,3013.99,3050.04,47.23,96.5,92.073,88.256,96.054,0.949
US0937121079,BE,Bloom Energy Corporation,United States and Canada,United States and Canada,Industrials,Electrical Equipment,52590.83,53078.75,184.89,286.2,351.701,339.835,363.536,0.902
TW0006510001,6510,Chunghwa Precision Test Tech. Co. Ltd.,Asia / Pacific,Asia / Pacific,Information Technology,Electronic Equipment Instruments and Components,2624.01,2459.99,2590.0,4500.714,4903.842,4676.97,5136.254,0.893
KR7066970005,A066970,L&F Co. Ltd.,Asia / Pacific,Asia / Pacific,Industrials,Electrical Equipment,2211.33,3198.64,81900.0,193040.0,153442.75,149529.246,157500.157,0.874
TW0002337003,2337,Macronix International Co. Ltd.,Asia / Pacific,Asia / Pacific,Information Technology,Semiconductors and Semiconductor Equipment,7391.29,7606.16,124.0,193.5,232.316,224.093,240.86,0.874
KYG8924B1041,6110,Topsports International Holdings Limited,Asia / Pacific,Asia / Pacific,Consumer Discretionary,Specialty Retail,1027.99,1233.91,1.3,1.996,2.433,2.374,2.494,0.871
CA55027C1068,LMN,Lumine Group Inc.,United States and Canada,United States and Canada,Information Technology,Software,3810.84,3951.56,20.94,40.5,39.065,35.936,42.26,0.866
ID1000107303,DEWA,PT Darma Henwa Tbk,Asia / Pacific,Asia / Pacific,Materials,Metals and Mining,1001.5,1206.98,442.0,922.182,822.76,794.537,851.981,0.861
FR0010353888,ALMDG,MGI Digital Technology Société Anonyme,Europe,Europe,Information Technology,Technology Hardware Storage and Peripherals,73.02,53.39,10.52,23.65,19.538,19.028,20.048,0.857
FR0010820274,ALUNI,Unify Group SA,Europe,Europe,Communication Services,Media,114.69,233.1,1.8,5.55,3.339,3.252,3.43,0.855
IL0011858912,PGY,Pagaya Technologies Ltd.,United States and Canada,United States and Canada,Information Technology,Software,1317.67,1086.43,15.89,26.5,29.415,28.435,30.421,0.851
AU000000RSG6,RSG,Resolute Mining Limited,Asia / Pacific,Asia / Pacific,Materials,Metals and Mining,1380.09,1230.12,0.925,2.04,1.71,1.665,1.757,0.849
JP3162350007,2175,SMS Co. Ltd.,Asia / Pacific,Asia / Pacific,Industrials,Professional Services,1194.24,1154.59,2384.0,1706.2,2132.371,2081.932,2184.473,-0.106
US70959W1036,PAG,Penske Automotive Group Inc.,United States and Canada,United States and Canada,Consumer Discretionary,Specialty Retail,14290.6,23558.2,217.35,197.875,194.34,190.083,198.531,-0.106
US69318G1067,PBF,PBF Energy Inc.,United States and Canada,United States and Canada,Energy,Oil Gas and Consumable Fuels,7344.4,10483.25,61.63,56.846,54.792,53.435,56.172,-0.111
INE117A01022,500002,ABB India Limited,Asia / Pacific,Asia / Pacific,Industrials,Electrical Equipment,16200.62,15604.87,7369.7,6376.444,6532.919,6363.065,6714.56,-0.114
ES0130670112,ELE,Endesa S.A.,Europe,Europe,Utilities,Electric Utilities,49045.33,63311.39,41.16,34.56,36.066,34.992,37.176,-0.124
ES0125220311,ANA,Acciona S.A.,Europe,Europe,Utilities,Electric Utilities,15344.46,25887.95,247.6,208.092,216.838,209.339,224.35,-0.124
US35909R1086,ULCC,Frontier Group Holdings Inc.,United States and Canada,United States and Canada,Industrials,Passenger Airlines,1335.08,5811.08,5.81,6.667,5.086,4.957,5.219,-0.125
US7244791007,PBI,Pitney Bowes Inc.,United States and Canada,United States and Canada,Industrials,Commercial Services and Supplies,2421.69,4375.9,17.88,17.14,15.617,15.158,16.085,-0.127
DE000A13SX22,HLE,HELLA GmbH & Co. KGaA,Europe,Europe,Consumer Discretionary,Automobile Components,9007.64,8682.09,71.3,65.0,62.186,60.421,63.953,-0.128
JP3236330001,285A,Kioxia Holdings Corporation,Asia / Pacific,Asia / Pacific,Information Technology,Semiconductors and Semiconductor Equipment,187328.37,192060.91,56010.0,116768.75,48800.622,44265.557,53694.648,-0.129
US12662P1084,CVI,CVR Energy Inc.,United States and Canada,United States and Canada,Energy,Oil Gas and Consumable Fuels,3362.75,4848.75,33.45,29.4,28.882,27.97,29.843,-0.137
TW0008454000,8454,momo.com Inc.,Asia / Pacific,Asia / Pacific,Consumer Discretionary,Broadline Retail,1952.68,1915.18,238.5,185.5,205.395,198.821,212.378,-0.139
US05988J1034,BAND,Bandwidth Inc.,United States and Canada,United States and Canada,Communication Services,Diversified Telecommunication Services,1914.63,2287.58,59.8,67.25,51.261,49.56,52.956,-0.143
MYL5005OO003,UNISEM,Unisem (M) Berhad,Asia / Pacific,Asia / Pacific,Information Technology,Semiconductors and Semiconductor Equipment,1849.26,1908.83,4.69,3.728,3.995,3.866,4.122,-0.148
US09180C1062,BJRI,BJ's Restaurants Inc.,United States and Canada,United States and Canada,Consumer Discretionary,Hotels Restaurants and Leisure,1405.19,1845.17,66.86,55.125,56.924,55.594,58.254,-0.149
INE777K01022,RRKABEL,R R Kabel Limited,Asia / Pacific,Asia / Pacific,Industrials,Electrical Equipment,2925.8,2946.69,2493.6,2106.308,2106.322,2056.887,2156.018,-0.155
INE947Q01028,LAURUSLABS,Laurus Labs Limited,Asia / Pacific,Asia / Pacific,Health Care,Pharmaceuticals,8967.22,9230.3,1601.2,1162.462,1350.831,1317.673,1383.923,-0.156
INE120A01034,CARBORUNIV,Carborundum Universal Limited,Asia / Pacific,Asia / Pacific,Materials,Chemicals,2103.19,2084.62,1064.3,975.167,891.096,858.588,924.2,-0.163
US3846371041,GHC,Graham Holdings Company,United States and Canada,United States and Canada,Consumer Discretionary,Diversified Consumer Services,4974.17,5294.81,1154.88,990.0,959.714,918.478,1002.958,-0.169
US4448591028,HUM,Humana Inc.,United States and Canada,United States and Canada,Health Care,Health Care Providers and Services,46742.34,56228.34,389.32,347.958,322.577,315.195,330.134,-0.171
US34959E1091,FTNT,Fortinet Inc.,United States and Canada,United States and Canada,Information Technology,Software,111633.64,108905.94,152.37,133.0,123.339,120.581,126.075,-0.191
US4579852082,IART,Integra LifeSciences Holdings Corporation,United States and Canada,United States and Canada,Health Care,Health Care Equipment and Supplies,1539.6,3314.98,19.79,18.625,15.898,15.5,16.302,-0.197
FR001400OKR3,CO,Casino Guichard-Perrachon S.A.,Europe,Europe,Consumer Staples,Consumer Staples Distribution and Retail,78.18,3442.59,0.172,0.05,0.136,0.129,0.143,-0.209
SE0001057910,SOSI,Sotkamo Silver AB,Europe,Europe,Materials,Metals and Mining,138.13,151.83,3.975,3.7,3.114,2.712,3.542,-0.217
ROSNPPACNOR9,SNP,OMV Petrom S.A.,Europe,Europe,Energy,Oil Gas and Consumable Fuels,17007.01,15200.61,1.251,0.962,0.905,0.839,0.973,-0.276
