index,mean,sd,eti89_lb,eti89_ub,ess_bulk,ess_tail,r_hat,mcse_mean,mcse_sd,run_id,exported_at
beta[feat_analyst_rating],0.32366968379800615,0.005065475131512374,0.3155551316237466,0.33176854867332034,12370.804121236539,6788.316492384071,1.0003530652857164,4.559360546962221e-05,3.299047537496768e-05,512a53fd43eb,2026-08-20 12:49:44.917142+00:00
beta[feat_coverage_drift],0.005541782693894384,0.005980886212555441,-0.003881645857553146,0.015157722698454527,17202.00870446322,6445.275161251017,1.0002655302737942,4.5680296063896865e-05,3.2273017936403435e-05,512a53fd43eb,2026-08-20 12:49:44.917142+00:00
beta[feat_eps_signal_beat],-0.008866483054627327,0.005366855863075648,-0.017343064310774137,-0.00018641249329109973,12631.623479493832,6827.8563552603155,1.0011051925825176,4.7758056160808255e-05,3.4191169665655784e-05,512a53fd43eb,2026-08-20 12:49:44.917142+00:00
beta[feat_eps_signal_coverage],-0.05913478007858808,0.005265354039135576,-0.06753952243251776,-0.05075059014829059,11203.368405493648,6829.190738923495,1.0001950695353554,4.9808241581432466e-05,3.412734896799328e-05,512a53fd43eb,2026-08-20 12:49:44.917142+00:00
beta[feat_eps_signal_surprise],0.0005397341906872384,0.006909226088056583,-0.010521846645205711,0.01154744427350069,19421.400095717723,5318.138146494008,1.0016427073728047,4.9460800949544994e-05,3.688409435677614e-05,512a53fd43eb,2026-08-20 12:49:44.917142+00:00
beta[feat_mcap_country_r],0.07958643270911875,0.007383004514128797,0.06765802040462433,0.09145532379749235,6886.84545950837,6599.184689446634,0.9998105215897035,8.895015468325261e-05,6.327138021641213e-05,512a53fd43eb,2026-08-20 12:49:44.917142+00:00
beta[feat_median_piotroski_f_score],-0.03338808207061589,0.00518713072754327,-0.041797300246895715,-0.025135350624602214,10618.617906115665,6575.858426772612,1.0001369454182125,5.0354883494636485e-05,3.567266529426271e-05,512a53fd43eb,2026-08-20 12:49:44.917142+00:00
beta[feat_net_eps_drift],0.003991718100412401,0.004985409370340766,-0.003964720577742178,0.011947452178256542,18002.119677135513,5868.236854952695,1.0003195710513357,3.7142584005858956e-05,2.5749622643368756e-05,512a53fd43eb,2026-08-20 12:49:44.917142+00:00
beta[feat_pt_achievement_1y],-0.3984046334904715,0.00591569949824512,-0.40792760041525183,-0.3890484644848863,12266.262919450766,7071.13781419885,1.0002600870245935,5.345201417736979e-05,3.797197851404247e-05,512a53fd43eb,2026-08-20 12:49:44.917142+00:00
beta[feat_pt_range_hit_rate],0.06395059755937799,0.004506946687308541,0.05681781303918206,0.07114999807718983,14930.958917976684,6643.659339895869,1.001766052861365,3.694992821454735e-05,2.631578114708055e-05,512a53fd43eb,2026-08-20 12:49:44.917142+00:00
log_sigma_total,-0.5847019396039329,0.025063128590860677,-0.6243538382773103,-0.5444117154593284,1557.6853648141528,2475.4587163061133,1.002325816123342,0.0006350207195891515,0.0004567112374156802,512a53fd43eb,2026-08-20 12:49:44.917142+00:00
alpha_time_free[step0],-0.15289832709545714,0.008024991965130302,-0.16568258931092064,-0.14024454153762636,11388.554859857551,6394.281403961552,1.0010223115487116,7.516539613413205e-05,5.398931729747919e-05,512a53fd43eb,2026-08-20 12:49:44.917142+00:00
alpha_time_free[step1],0.0600809974515135,0.00624343296797724,0.050029897584557274,0.06989924197852804,12046.990080918182,6862.551726624818,0.9999358129662311,5.6915260971631125e-05,4.0053643229702586e-05,512a53fd43eb,2026-08-20 12:49:44.917142+00:00
alpha_time_free[step2],-0.03395727199714336,0.0021556732584319654,-0.03739310920229417,-0.030510549188062952,18023.309898603962,6190.4445213161825,1.0001013102486047,1.6052596003056873e-05,1.076572935966427e-05,512a53fd43eb,2026-08-20 12:49:44.917142+00:00
sigma_delta_vol_level,0.3316056967205176,0.007005079190705601,0.3205508904549103,0.3428573205533921,8228.804994108996,6348.714157350096,1.0004335175156043,7.721505386012411e-05,5.5020750128075444e-05,512a53fd43eb,2026-08-20 12:49:44.917142+00:00
sigma_delta_log_mcap,-0.04212085732268283,0.0075799228599134445,-0.05420039069298103,-0.030041669236076617,2870.776522322399,4415.320436688198,1.001039920098252,0.00014145905333121382,9.749315776680168e-05,512a53fd43eb,2026-08-20 12:49:44.917142+00:00
sigma_delta_range,0.051621763432867125,0.0064467208439327435,0.04130057261768086,0.061945136997926295,7554.783689573909,6213.129865247282,1.00001881724484,7.443533203743889e-05,5.33157645267607e-05,512a53fd43eb,2026-08-20 12:49:44.917142+00:00
trading_region_effect[Africa / Middle East],0.00380625869172003,0.015370390892366831,-0.020662238134005934,0.028603363345248985,12193.143985245313,6590.509541446357,1.0016290229841265,0.0001391351886529158,9.848472021789318e-05,512a53fd43eb,2026-08-20 12:49:44.917142+00:00
trading_region_effect[Asia / Pacific],-0.14933956301299767,0.009605165847722138,-0.1646744754645179,-0.13425496811209206,8654.629759682199,6998.806851819694,0.9999194117700773,0.0001033594587030946,7.220446685946401e-05,512a53fd43eb,2026-08-20 12:49:44.917142+00:00
trading_region_effect[Europe],-0.15602267746762155,0.008712690221972895,-0.16996017505434607,-0.14209261948340235,11616.745674449357,6539.191915531141,1.0002096444592046,8.080285666979447e-05,5.702709206682835e-05,512a53fd43eb,2026-08-20 12:49:44.917142+00:00
trading_region_effect[Latin America and Caribbean],0.2728855090323151,0.018075115234848223,0.2441043451954703,0.30178801244075987,8631.966110358015,6652.204712038298,1.0007257480855685,0.00019465281683465156,0.000131533699726787,512a53fd43eb,2026-08-20 12:49:44.917142+00:00
trading_region_effect[United States and Canada],0.028670472756584076,0.00964898359809594,0.013045056804972137,0.044308870718623446,12039.193702198558,7273.136999159955,1.0001062635337477,8.78523246501798e-05,6.051749238618877e-05,512a53fd43eb,2026-08-20 12:49:44.917142+00:00
sector_effect[Communication Services],-0.030377986433128033,0.01850783693098918,-0.06022801983913198,-0.0012854293050438494,17327.610206562465,6284.906619478835,1.0005947940819813,0.00014044508939027394,9.547849395584909e-05,512a53fd43eb,2026-08-20 12:49:44.917142+00:00
sector_effect[Consumer Discretionary],0.004660863733460142,0.012214473028241914,-0.01503030205910848,0.024137211643132088,17820.16817893299,6618.345055214376,1.000992024517981,9.137965020336647e-05,6.448951189988759e-05,512a53fd43eb,2026-08-20 12:49:44.917142+00:00
sector_effect[Consumer Staples],-0.05669393567539844,0.014169325938074469,-0.07944820785913256,-0.03383509736512245,18091.039169072184,6177.024470105437,1.0010431446975252,0.00010511455328646472,7.284157412616515e-05,512a53fd43eb,2026-08-20 12:49:44.917142+00:00
sector_effect[Energy],0.08200925356461923,0.0193186470443492,0.0516139869466121,0.11320385557242783,17990.07176975272,6523.871128449498,0.9999662283442796,0.00014422858744762477,0.00010010686388363645,512a53fd43eb,2026-08-20 12:49:44.917142+00:00
sector_effect[Financials],-0.07653767985534193,0.011649487872804655,-0.09510595441682206,-0.05804457894482451,10820.871177661562,7321.310802721017,1.0006324445862746,0.00011202267210862081,7.860359593296557e-05,512a53fd43eb,2026-08-20 12:49:44.917142+00:00
sector_effect[Health Care],0.095586346892053,0.01518542778431092,0.07156234158526022,0.11933971062937171,17035.562343541817,5794.249456512574,1.0012871087461555,0.00011631589044090101,8.541693511252318e-05,512a53fd43eb,2026-08-20 12:49:44.917142+00:00
sector_effect[Industrials],0.013844872612144735,0.010291519994135124,-0.0027082747482422612,0.030186064079681548,14689.315015601955,7039.846582821255,1.0000457722975027,8.482155489136699e-05,5.852711573196647e-05,512a53fd43eb,2026-08-20 12:49:44.917142+00:00
sector_effect[Information Technology],0.01626184571981256,0.015069433411619903,-0.007913087716124693,0.040176363183420966,16754.413061500745,6759.75568992032,1.0003257750043073,0.00011674344686973264,8.37392366908366e-05,512a53fd43eb,2026-08-20 12:49:44.917142+00:00
sector_effect[Materials],0.06865305037195044,0.014634833690012387,0.045311518219473365,0.0921220614633755,17220.58579507151,6701.236388614535,1.0008763523446973,0.00011167908839007466,7.71903844318131e-05,512a53fd43eb,2026-08-20 12:49:44.917142+00:00
sector_effect[Real Estate],-0.025074578893697023,0.02163167408916583,-0.05954170791003674,0.009726848405433891,16513.627437529423,5731.450061779291,1.0007278777591417,0.0001684258747725585,0.00011814659486180877,512a53fd43eb,2026-08-20 12:49:44.917142+00:00
sector_effect[Utilities],-0.09233205203647468,0.01869631026709917,-0.12228718825862879,-0.0627555332106325,8979.258191468425,6442.558707794873,1.0001295837844904,0.0001971561535758521,0.00014229183726896158,512a53fd43eb,2026-08-20 12:49:44.917142+00:00
style_class_effect[Core],-0.0052225046583826325,0.006068761310624298,-0.014893178173887094,0.004532985176989374,13135.32930538827,6722.727631113202,1.0006526762804602,5.291239504180532e-05,3.678956479090924e-05,512a53fd43eb,2026-08-20 12:49:44.917142+00:00
style_class_effect[Growth],-0.003966703406980866,0.009395270250102164,-0.019069900967239522,0.011170815659168606,11732.23495818673,6886.087762874766,1.0002395741134245,8.667409876020388e-05,6.026296198184695e-05,512a53fd43eb,2026-08-20 12:49:44.917142+00:00
style_class_effect[Value],0.0091892080653635,0.007321635603321992,-0.002674079454571597,0.020809910050543452,14004.84532774161,7174.125401766577,1.0001693410464034,6.180778000147277e-05,4.354322123699341e-05,512a53fd43eb,2026-08-20 12:49:44.917142+00:00
size_class_effect[Large Cap],-0.022151780496300212,0.007697639880066768,-0.034675842377639,-0.009816558120695453,10023.53061652455,7083.875550052548,1.000044074891348,7.68264044259849e-05,5.39093137342515e-05,512a53fd43eb,2026-08-20 12:49:44.917142+00:00
size_class_effect[Mid Cap],-0.005053837097050461,0.006409074324667538,-0.015130229005935698,0.00526828065746159,17102.624651566744,6237.392537580421,1.0005614437045376,4.8922456852407166e-05,3.41286960061473e-05,512a53fd43eb,2026-08-20 12:49:44.917142+00:00
size_class_effect[Small Cap],0.027205617593350682,0.007899511821202123,0.014420873307970844,0.03994951923753381,8299.404686137195,7234.691272159125,1.0003075526982148,8.676988104829367e-05,5.972951882942604e-05,512a53fd43eb,2026-08-20 12:49:44.917142+00:00
rho_inf,0.0034638839564302775,0.00238199676245164,0.000634144087131281,0.007856329129965594,12540.538424778388,5335.168660275678,1.0000227909154633,1.9431107635872404e-05,1.9860275590081927e-05,512a53fd43eb,2026-08-20 12:49:44.917142+00:00
obs_share,0.0005823005433600796,0.0004085153224442819,0.00010725958066956623,0.001367033053046477,12972.220679298429,4909.980319861379,0.9997386186016064,3.2542776984580548e-06,3.3929593289674122e-06,512a53fd43eb,2026-08-20 12:49:44.917142+00:00
ou_length_scale_days,84.50592457743721,1.8972203504259193,81.52885718580197,87.56630132154729,11387.375920559283,6763.641236658814,1.0002994848858815,0.017803942600359807,0.012526813957650026,512a53fd43eb,2026-08-20 12:49:44.917142+00:00
sigma_n_exponent,0.27161719974717796,0.021220282466961376,0.23786779819631912,0.3056126346880609,1578.7510638605634,2453.9334690862133,1.002100015905333,0.0005341880489791863,0.00037628297205128915,512a53fd43eb,2026-08-20 12:49:44.917142+00:00
sigma_sector_offset[Communication Services],0.05624317249993001,0.023181875795207432,0.019713295575775638,0.09332509795228687,18513.877706623145,6074.187624919739,1.0008209408417654,0.0001707257122499064,0.00011685334746132039,512a53fd43eb,2026-08-20 12:49:44.917142+00:00
sigma_sector_offset[Consumer Discretionary],-0.009395137965758402,0.015607505281517579,-0.03438377721372014,0.01586453197498958,14677.667739743629,5794.469745322762,0.9998880639256355,0.00012869690948822196,9.073063863618523e-05,512a53fd43eb,2026-08-20 12:49:44.917142+00:00
sigma_sector_offset[Consumer Staples],-0.04182544453333709,0.019334199483516834,-0.0726835243801933,-0.010494838722166533,18153.227734397573,6210.100476626086,1.0017549798634366,0.00014376600531068362,0.00010051216075322578,512a53fd43eb,2026-08-20 12:49:44.917142+00:00
sigma_sector_offset[Energy],0.07923510789382857,0.023481057653004758,0.041024090423258795,0.1171645493952388,17994.790956651366,5387.882651280025,1.001356378045004,0.00017514744491897805,0.00012413622038733173,512a53fd43eb,2026-08-20 12:49:44.917142+00:00
sigma_sector_offset[Financials],-0.08340530919549008,0.014802538021819463,-0.10696812881529941,-0.059257414373577844,12883.892242301567,6066.132808119755,1.0000064664106567,0.00013049350355589267,9.145595944225164e-05,512a53fd43eb,2026-08-20 12:49:44.917142+00:00
sigma_sector_offset[Health Care],0.19131747660605442,0.01631332426222554,0.16519253249308444,0.21771949844081667,17849.54144966498,6324.307928664085,1.0009679886318816,0.00012205407961909834,8.758746337500219e-05,512a53fd43eb,2026-08-20 12:49:44.917142+00:00
sigma_sector_offset[Industrials],-0.03432371037892942,0.013233255871937296,-0.0555712945970822,-0.013051572059325443,13388.023769542795,6208.167915950135,1.0012961844071309,0.00011423253848906593,7.86929264827216e-05,512a53fd43eb,2026-08-20 12:49:44.917142+00:00
sigma_sector_offset[Information Technology],-0.03519523382932464,0.016806024511460165,-0.062134059919068764,-0.008408128378832806,12028.86827418763,7248.791678917219,1.000201653492805,0.00015326116297593493,0.00010717192711833843,512a53fd43eb,2026-08-20 12:49:44.917142+00:00
sigma_sector_offset[Materials],-0.021575531692713288,0.017933150664370148,-0.05026904369348072,0.007439250613489289,17776.87422243032,6646.000969500443,1.0014317017298666,0.00013448122156944605,9.620862608843541e-05,512a53fd43eb,2026-08-20 12:49:44.917142+00:00
sigma_sector_offset[Real Estate],-0.09840133964077448,0.030394541994486574,-0.14707563749337382,-0.04961823140326932,16511.427166093585,6275.931733517955,1.0005559174556946,0.0002369434588577833,0.00015872001839631583,512a53fd43eb,2026-08-20 12:49:44.917142+00:00
sigma_sector_offset[Utilities],-0.002674049763485601,0.027159743902559923,-0.046011477126467484,0.040948588338817,7270.437608133835,6452.388576310198,1.000722945336772,0.00031811103286970646,0.00022865057476218666,512a53fd43eb,2026-08-20 12:49:44.917142+00:00
sigma_time_free[step0],1.2284818821602308,0.016888427393686734,1.201255033886306,1.2556673820943045,6930.9890234260665,6776.2930415163655,1.0006932613462238,0.00020272853196874914,0.00014168815463759817,512a53fd43eb,2026-08-20 12:49:44.917142+00:00
sigma_time_free[step1],1.09148458563678,0.013004231720794282,1.0708692050108617,1.1121219980548063,8406.711191935809,6886.609858764283,0.9998939288566485,0.00014179161307893975,9.920180558716517e-05,512a53fd43eb,2026-08-20 12:49:44.917142+00:00
sigma_time_free[step2],0.9905613584875801,0.0049047631447389686,0.9828332792987111,0.9983943722006147,14310.590444668589,6798.157332609736,0.9996941971053106,4.098217474548493e-05,2.917483995156684e-05,512a53fd43eb,2026-08-20 12:49:44.917142+00:00
nu_tail,7.284797411815964,0.4656064204486621,6.566292167656639,8.044677977049457,16565.547240861793,6876.085361061571,1.000155845186606,0.0036273520161409735,0.0026334938571476235,512a53fd43eb,2026-08-20 12:49:44.917142+00:00
signal_exponent,0.39218325972747814,0.02298419122163995,0.3554392882604294,0.42851195544258713,8756.147751460325,6933.134668856138,1.0005217880889992,0.00024573415630624237,0.0001764658432221189,512a53fd43eb,2026-08-20 12:49:44.917142+00:00
risk_loading,0.11957469029675184,0.0905827602905195,0.011048077498284672,0.28778327031733936,7993.315504901363,3851.6738553205864,1.0010578652123017,0.0007995537541607142,0.0006780152615750851,512a53fd43eb,2026-08-20 12:49:44.917142+00:00
size_loading,0.20071485367748712,0.15132395525982478,0.017870028134908844,0.488657603783492,7782.415409792007,4049.378953956005,1.0001151190394126,0.0013475439497873467,0.001090419027877725,512a53fd43eb,2026-08-20 12:49:44.917142+00:00
volume_loading,0.07925460222294615,0.059756752456882424,0.006895781839681404,0.18919643117610854,7597.4328002545435,4133.326906608697,1.0005581292418337,0.0005401621240372293,0.00044480064356319717,512a53fd43eb,2026-08-20 12:49:44.917142+00:00
sigma_trading_region,0.1565032968589519,0.00782544251646276,0.14375712024422652,0.16911973916648868,7849.791635012961,6492.446620239858,1.0007967334147712,8.826890954125091e-05,5.997037206607324e-05,512a53fd43eb,2026-08-20 12:49:44.917142+00:00
sigma_sector,0.06230899184749758,0.005156747894786023,0.054079530681461124,0.07048856851429196,12757.05722465531,7027.538578588454,1.0001001197873356,4.566950065710847e-05,3.297860123567057e-05,512a53fd43eb,2026-08-20 12:49:44.917142+00:00
sigma_style_class,0.009147125638834283,0.004287517858547175,0.002865816568310727,0.016550989978908828,7719.109967376293,6546.609116125712,1.0003060211228942,4.9744047312460004e-05,3.6963543381882674e-05,512a53fd43eb,2026-08-20 12:49:44.917142+00:00
sigma_size_class,0.020993930608266247,0.005682871647238043,0.011815877738228122,0.030199193510468673,8137.437403174453,6848.021749749598,1.0002051781831454,6.298514005014217e-05,4.395877398395785e-05,512a53fd43eb,2026-08-20 12:49:44.917142+00:00
sigma_total,0.5574469638366311,0.013970124417530063,0.5356074058117589,0.5801829956521992,1557.6853648141528,2475.4587163061133,1.002325816123342,0.0003539855263711194,0.00025432807477519657,512a53fd43eb,2026-08-20 12:49:44.917142+00:00
rho_inf_by_bucket[q1],0.0034638839564302775,0.00238199676245164,0.000634144087131281,0.007856329129965594,12540.538424778388,5335.168660275678,1.0000227909154633,1.9431107635872404e-05,1.9860275590081927e-05,512a53fd43eb,2026-08-20 12:49:44.917142+00:00
variance_weights[level],0.004448540014829585,0.0023735420963248415,0.0016290756031296393,0.008825071985788037,12540.368374089801,5335.168660275678,1.000021045262072,1.9360728628945198e-05,1.9788235682537818e-05,512a53fd43eb,2026-08-20 12:49:44.917142+00:00
variance_weights[state],0.9939738921453299,0.0024002723444814834,0.98956845744553,0.9968784813618655,12774.149658070126,5333.755469564483,1.0001635763428796,1.9742189264182514e-05,1.9892155722167652e-05,512a53fd43eb,2026-08-20 12:49:44.917142+00:00
variance_weights[observation],0.0015775678398405582,0.00040729344211792916,0.0011039477374571948,0.002359953193466079,12972.220679298429,4909.980319861379,0.9997386186016064,3.2445440662592713e-06,3.3828108962785707e-06,512a53fd43eb,2026-08-20 12:49:44.917142+00:00
sigma_level,0.03596286268638616,0.009451239518041988,0.022448120242970458,0.05245509162135754,11818.417636768943,5170.188062696552,1.0000626961059307,7.891996960482186e-05,5.723920656478124e-05,512a53fd43eb,2026-08-20 12:49:44.917142+00:00
sigma_state,0.5557647672271478,0.013958494951441924,0.5338498529871829,0.5784257894184418,1559.2167030174385,2489.804772548163,1.002341442910465,0.0003536152537700459,0.0002540604046154584,512a53fd43eb,2026-08-20 12:49:44.917142+00:00
sigma_obs_base,0.02197196566686572,0.0027468342270840405,0.018439471477673674,0.027138585544316186,11516.609113138245,4794.187830768133,0.9999801876661447,2.316831656506906e-05,1.934826743558946e-05,512a53fd43eb,2026-08-20 12:49:44.917142+00:00
rho_inf_implied,0.00445555050610564,0.0023772318187094605,0.0016310628070415677,0.008839574036933369,12540.41803923821,5326.110841399089,1.0000266291368165,1.9392564255281737e-05,1.982092168925229e-05,512a53fd43eb,2026-08-20 12:49:44.917142+00:00
alpha_time[t0],-0.15289832709545714,0.008024991965130302,-0.16568258931092064,-0.14024454153762636,11388.554859857551,6394.281403961552,1.0010223115487116,7.516539613413205e-05,5.398931729747919e-05,512a53fd43eb,2026-08-20 12:49:44.917142+00:00
alpha_time[t1],0.0600809974515135,0.00624343296797724,0.050029897584557274,0.06989924197852804,12046.990080918182,6862.551726624818,0.9999358129662311,5.6915260971631125e-05,4.0053643229702586e-05,512a53fd43eb,2026-08-20 12:49:44.917142+00:00
alpha_time[t2],-0.03395727199714336,0.0021556732584319654,-0.03739310920229417,-0.030510549188062952,18023.309898603962,6190.4445213161825,1.0001013102486047,1.6052596003056873e-05,1.076572935966427e-05,512a53fd43eb,2026-08-20 12:49:44.917142+00:00
alpha_time[t3],0.0,0.0,0.0,0.0,8000.0,8000.0,,0.0,,512a53fd43eb,2026-08-20 12:49:44.917142+00:00
sigma_time[t0],1.2284818821602308,0.016888427393686734,1.201255033886306,1.2556673820943045,6930.9890234260665,6776.2930415163655,1.0006932613462238,0.00020272853196874914,0.00014168815463759817,512a53fd43eb,2026-08-20 12:49:44.917142+00:00
sigma_time[t1],1.09148458563678,0.013004231720794282,1.0708692050108617,1.1121219980548063,8406.711191935809,6886.609858764283,0.9998939288566485,0.00014179161307893975,9.920180558716517e-05,512a53fd43eb,2026-08-20 12:49:44.917142+00:00
sigma_time[t2],0.9905613584875801,0.0049047631447389686,0.9828332792987111,0.9983943722006147,14310.590444668589,6798.157332609736,0.9996941971053106,4.098217474548493e-05,2.917483995156684e-05,512a53fd43eb,2026-08-20 12:49:44.917142+00:00
sigma_time[t3],1.0,0.0,1.0,1.0,8000.0,8000.0,,0.0,,512a53fd43eb,2026-08-20 12:49:44.917142+00:00
"within_name_cov[t0, t0]",1.5094529537757748,0.04150490297758385,1.443013656443795,1.5767005744567608,6930.9890234260665,6776.2930415163655,1.0006998028297687,0.0004979412778552517,0.00034898891270551967,512a53fd43eb,2026-08-20 12:49:44.917142+00:00
"within_name_cov[t0, t1]",0.05806664077275953,0.004261948519114859,0.05158999267649693,0.06515257926363813,13591.218666265824,6804.1126265123985,0.9998425654626522,3.630442057999685e-05,2.7653206352466843e-05,512a53fd43eb,2026-08-20 12:49:44.917142+00:00
"within_name_cov[t0, t2]",0.022938521842996946,0.003029361224309373,0.01884687486593373,0.028232484222167776,12923.053760790512,6390.427819560039,0.9998379892759315,2.5965056550815784e-05,2.3778547525113947e-05,512a53fd43eb,2026-08-20 12:49:44.917142+00:00
"within_name_cov[t0, t3]",0.021752391942895348,0.0030208586470987816,0.017698208129928398,0.02705357171589448,12773.315557998962,6324.942860156653,0.9999028004309249,2.5964784805117314e-05,2.4027803177202422e-05,512a53fd43eb,2026-08-20 12:49:44.917142+00:00
"within_name_cov[t1, t0]",0.05806664077275953,0.004261948519114859,0.05158999267649693,0.06515257926363813,13591.218666265824,6804.1126265123985,0.9998425654626522,3.630442057999685e-05,2.7653206352466843e-05,512a53fd43eb,2026-08-20 12:49:44.917142+00:00
"within_name_cov[t1, t1]",1.1915077107253416,0.028401533041349195,1.1467608542405991,1.2368153385688303,8406.711191935809,6886.609858764283,0.9998924093028647,0.00030969697314181326,0.00021769879159945602,512a53fd43eb,2026-08-20 12:49:44.917142+00:00
"within_name_cov[t1, t2]",0.4024157381769214,0.009401937070739082,0.3874460067105961,0.4174933492325869,16283.35310012042,6828.060049031224,1.00120188677049,7.356043351029576e-05,5.284846356847959e-05,512a53fd43eb,2026-08-20 12:49:44.917142+00:00
"within_name_cov[t1, t3]",0.3743332538554272,0.008846959915094264,0.3604462384455501,0.3884379387170225,15727.502807641937,7046.798996837548,1.0010985099730145,7.040814754118899e-05,5.0813701003780654e-05,512a53fd43eb,2026-08-20 12:49:44.917142+00:00
"within_name_cov[t2, t0]",0.022938521842996946,0.003029361224309373,0.01884687486593373,0.028232484222167776,12923.053760790512,6390.427819560039,0.9998379892759315,2.5965056550815784e-05,2.3778547525113947e-05,512a53fd43eb,2026-08-20 12:49:44.917142+00:00
"within_name_cov[t2, t1]",0.4024157381769214,0.009401937070739082,0.3874460067105961,0.4174933492325869,16283.35310012042,6828.060049031224,1.00120188677049,7.356043351029576e-05,5.284846356847959e-05,512a53fd43eb,2026-08-20 12:49:44.917142+00:00
"within_name_cov[t2, t2]",0.9812358616302661,0.009717944882269168,0.9659612548991333,0.9967913224421214,14310.590444668589,6798.157332609736,0.9996941971053106,8.118386454429191e-05,5.784454940842512e-05,512a53fd43eb,2026-08-20 12:49:44.917142+00:00
"within_name_cov[t2, t3]",0.910691828000357,0.004888696934034398,0.9029772114573684,0.9184774325144867,15667.743658311892,6422.646588052073,0.9996676411247665,3.907512809891194e-05,2.770206924260818e-05,512a53fd43eb,2026-08-20 12:49:44.917142+00:00
"within_name_cov[t3, t0]",0.021752391942895348,0.0030208586470987816,0.017698208129928398,0.02705357171589448,12773.315557998962,6324.942860156653,0.9999028004309249,2.5964784805117314e-05,2.4027803177202422e-05,512a53fd43eb,2026-08-20 12:49:44.917142+00:00
"within_name_cov[t3, t1]",0.3743332538554272,0.008846959915094264,0.3604462384455501,0.3884379387170225,15727.502807641937,7046.798996837548,1.0010985099730145,7.040814754118899e-05,5.0813701003780654e-05,512a53fd43eb,2026-08-20 12:49:44.917142+00:00
"within_name_cov[t3, t2]",0.910691828000357,0.004888696934034398,0.9029772114573684,0.9184774325144867,15667.743658311892,6422.646588052073,0.9996676411247665,3.907512809891194e-05,2.770206924260818e-05,512a53fd43eb,2026-08-20 12:49:44.917142+00:00
"within_name_cov[t3, t3]",1.0,1.2262185882549665e-16,0.9999999999999999,1.0000000000000002,8191.870633247708,7930.347675391892,1.0000625264311143,1.3710397519684423e-18,9.330781277105942e-19,512a53fd43eb,2026-08-20 12:49:44.917142+00:00
nu,9.784797411815964,0.4656064204486621,9.06629216765664,10.544677977049457,16565.547240861793,6876.085361061571,1.0001562651035567,0.0036273520161409735,0.002633493857147624,512a53fd43eb,2026-08-20 12:49:44.917142+00:00
