isin,ticker,name,trading_region,region,country,unit,exchange,sector,industry,size_class,style_class,market_cap,mcap_country_r,enterprise_value,last_price,observed_pt,expected_pt,expected_pt_hdi_lo,expected_pt_hdi_hi,expected_upside,risk_adj_return,prob_pos,implied_upside,total_return_ytd,total_return_5y,total_return_10y,tr_cagr_3y,n_analysts,er_mean,er_sd,er_p05,er_p50,er_p95,mc_prob_pos
CH0019107025,APGN,APG|SGA SA,Europe,Europe,CH,CHF,SWX,Communication Services,Media,Small Cap,Core,746.14,0.62,718.52,201.0,209.5,2778.2322909282634,2564.6268326672152,3012.133018426922,12.822051198648142,11.60849828347275,1.0,0.04228855721393035,0.0213,0.1631,-0.2369,0.0969,2.0,13.08570723540963,3.1721927866076,9.190218487674228,12.841124233743805,17.630426351913577,1.0
US4859251013,KARD,Kardigan Inc.,United States and Canada,United States and Canada,US,USD,NasdaqGM,Health Care,Pharmaceuticals,Small Cap,Core,1831.45,0.36,2155.81,20.5,43.5,272.57700029920625,252.45212848452616,293.4742736662889,12.29643903898563,11.425438904933733,1.0,1.121951219512195,,,,,4.0,12.492207915419622,2.379453049403514,9.422825615136814,12.315591677350167,15.969539790544793,1.0
PLRXCNC00017,REX,Rex Concepts S.A.,Europe,Europe,PL,PLN,WSE,Consumer Discretionary,Hotels Restaurants and Leisure,Small Cap,Core,310.71,0.3,449.16,12.128,14.3,159.33765791369436,147.4425335570753,171.75022830241306,12.137999498160786,11.368594929865155,1.0,0.179089709762533,,,,,1.0,12.590396110775083,4.627645889250888,8.046160821449545,12.169404317609226,18.008699144010873,0.99990625
DK0064982565,IG,InstallatørGruppen A/S,Europe,Europe,DK,DKK,CPSE,Industrials,Construction and Engineering,Small Cap,Value,568.81,0.43,677.72,12.26,20.0,160.9735886878137,149.0242668056989,173.6027712724131,12.129982764095658,11.365736223036707,1.0,0.6313213703099511,,,,,3.0,12.291336698204837,2.330632745329823,9.382224564844352,12.120481724925416,15.60254213486229,1.0
US45047B1052,ITG,ITG Inc.,United States and Canada,United States and Canada,US,USD,NasdaqGS,Industrials,Construction and Engineering,Small Cap,Core,1689.78,0.37,1475.92,13.61,17.5556,178.6139227680259,165.33164406892476,192.42452746917292,12.123726874946886,11.363480139249909,1.0,0.28990448199853047,,,,,9.0,12.186759178224314,1.5382716105261913,10.258400015957578,12.114610043829254,14.260528677721043,1.0
PLROBYG00321,ROB,Robyg S.A.,Europe,Europe,PL,PLN,WSE,Consumer Discretionary,Household Durables,Small Cap,Value,929.12,0.16,1155.68,31.825,45.85,417.3463132771803,386.01920628297796,449.6483815248605,12.113788319785684,11.359860219070251,1.0,0.44069128043990574,,,,,3.0,12.252305323982709,2.261882315476447,9.392307194154938,12.099710305807143,15.414180915093205,0.99996875
NO0013753343,BOHUS,Bohus ASA,Europe,Europe,NO,NOK,OB,Consumer Discretionary,Specialty Retail,Small Cap,Value,392.82,0.41,593.33,37.5,48.0,490.6900724979056,454.5940923169187,528.6735204529264,12.085068599944181,11.349554570351886,1.0,0.28,,,,,1.0,12.575270252996978,4.911305491259622,8.056412608018114,12.116660247559363,18.003512054116968,0.9999375
US2960131058,EROC,ERock Inc.,United States and Canada,United States and Canada,US,USD,NYSE,Industrials,Electrical Equipment,Small Cap,Core,2894.25,0.3,351.05,10.59,22.625,138.0825480343261,127.49242349143914,149.1611315868097,12.038956377179009,11.332576590970104,1.0,1.1364494806421153,,,,,8.0,12.130431889776627,1.5885219697815174,9.85285237898078,12.047732494439487,14.59101344146402,1.0
EE3100098328,MRK1T,AS Merko Ehitus,Europe,Europe,EE,EUR,TLSE,Industrials,Construction and Engineering,Small Cap,Value,560.8,0.12,588.06,27.4,32.0146,356.8725983627939,330.61718103643716,384.85776919717364,12.024547385503508,11.327555375694857,1.0,0.16841605839416057,-0.0862,1.415,5.346,0.2921,1.0,12.39768131521576,4.1733535253546306,7.983536181898708,12.009392560595717,17.80049392897196,0.999875
SE0028825042,NTECH,Stockholm Nordtech Group AB,Europe,Europe,SE,SEK,OM,Information Technology,Software,Small Cap,Core,380.6,0.39,380.61,72.0,84.0,931.126785855809,861.9930661972058,1003.3997509848746,11.932316470219602,11.293926676359229,1.0,0.16666666666666666,,,,,2.0,12.198648178614045,3.1639540674096005,8.617727212501,11.944540092894748,16.448429054306978,0.99990625
BG1100007126,SPDY,Speedy AD,Europe,Europe,BG,EUR,BUL,Industrials,Air Freight and Logistics,Small Cap,Core,516.12,0.05,535.83,83.0,102.3569,1066.488383319446,987.306896109312,1150.7674879224737,11.849257630354746,11.263311554912669,1.0,0.23321566265060242,,1.4183,5.4564,0.1468,1.0,12.323814748947003,5.512714061770002,7.8593929649062835,11.882534491773662,17.645999457435604,1.0
ES0126962069,NXT,Nueva Expresión Textil S.A.,Europe,Europe,ES,EUR,BME,Consumer Discretionary,Textiles Apparel and Luxury Goods,Small Cap,Core,552.3,0.29,582.63,1.11,1.45,14.17143388739429,13.127793020611582,15.261467965846801,11.767057556211093,11.233054712837093,1.0,0.3063063063063063,0.2065,0.9911,3.1219,0.2712,1.0,12.390396936990513,33.9443969667345,7.804932891129642,11.787197804102012,17.59910233523701,0.9996875
US64125S1042,LIME,Neutron Holdings Inc.,United States and Canada,United States and Canada,US,USD,NasdaqGS,Industrials,Ground Transportation,Small Cap,Core,2450.91,0.33,2441.86,38.28,39.4286,478.8581232053027,443.9314298879411,515.888053425489,11.509355360640068,11.13642382136878,1.0,0.030005224660397074,,,,,7.0,11.602250789727783,1.5249438293582664,9.662365514554434,11.52131802252908,13.746316987664438,1.0
JE00BPK4NV88,DPC,DPC Holdings PLC,United States and Canada,Europe,GB,USD,NYSE,Industrials,Electrical Equipment,Small Cap,Core,7611.76,0.18,8311.76,52.44,52.375,653.9021428527915,605.3507566332175,705.6115637369853,11.469529802684855,11.121156268589829,1.0,-0.0012395118230358504,,,,,4.0,11.58357406145857,2.566764767035085,9.092679186867354,11.451819712793043,14.310217284413884,1.0
IT0005717696,BSP,Bending Spoons S.p.A.,United States and Canada,Europe,IT,USD,NasdaqGS,Information Technology,Software,Mid Cap,Core,28235.5,0.07,31906.25,44.45,40.3636,549.6389862631576,509.08339085196616,593.2426910983075,11.36533152448044,11.081480177027519,1.0,-0.09193250843644545,,,,,11.0,11.386319031947899,1.1617119739288981,9.713410718059366,11.339965289854662,13.175059019108284,1.0
SE0029278985,TANGENB,Tången Industrikapital AB (publ),Europe,Europe,SE,SEK,OM,Industrials,Industrial Conglomerates,Small Cap,Value,528.55,0.33,557.18,89.15,95.0,1091.4373825922746,1009.032842873207,1177.6200521596706,11.242707600586415,11.034231947529722,1.0,0.06561974200785194,,,,,2.0,11.461090163474804,2.922350206826563,8.262794376507896,11.244100861938904,15.183515243256414,0.99990625
RO249YW1FZP5,EAI,Electro-Alfa International S.A.,Europe,Europe,RO,RON,BVB,Industrials,Electrical Equipment,Small Cap,Core,623.91,0.16,518.87,15.0,14.5,171.71040349065527,158.65618038273294,185.59372050029322,10.447360232710343,10.715829722983159,1.0,-0.03333333333333333,,,,,1.0,10.819561853923148,4.18801082306222,6.8529169205532146,10.445708100411146,15.573852280017533,0.99990625
ES0106043005,DIGIS,DIGI Spain Telecom S.A.,Europe,Europe,ES,EUR,BME,Communication Services,Diversified Telecommunication Services,Small Cap,Core,1923.64,0.18,2636.8,5.605,6.4,58.359085871498195,53.930390049079605,63.12338257247853,9.411968933362722,10.26683783048858,1.0,0.14183764495985726,,,,,2.0,9.67620288259612,3.0542404455357426,6.477708990676302,9.404144959929827,13.50687409372903,0.999875
US68236H2040,ONDS,Ondas Inc.,United States and Canada,United States and Canada,US,USD,NasdaqCM,Information Technology,Communications Equipment,Small Cap,Core,5191.41,0.23,3740.53,9.11,19.8125,51.352891736079776,48.501474110609074,54.31183863622907,4.636980432061468,7.362650980780021,1.0,1.174807903402854,-0.0666,0.1233,,0.9028,8.0,4.674260263502718,0.6785410493880946,3.7234650724936706,4.641821051108842,5.699397373931909,1.0
US3134003017,FMCC,Federal Home Loan Mortgage Corporation,United States and Canada,United States and Canada,US,USD,OTCPK,Financials,Financial Services,Mid Cap,Core,17652.95,0.1,,5.48,12.875,29.95671567219187,28.2316311529696,31.722809610773467,4.466553954779512,7.2170686831795585,1.0,1.3494525547445255,-0.4596,4.0275,2.2426,1.2913,4.0,4.75391521970967,5.1486262659435935,2.6281418210506065,4.470071319832957,7.273995298970256,0.999625
US3135861090,FNMA,Federal National Mortgage Association,United States and Canada,United States and Canada,US,USD,OTCPK,Financials,Financial Services,Large Cap,Core,34719.98,0.06,,6.05,9.85,31.94471145863816,30.062319297352662,33.9379558532861,4.280117596469116,7.0524870573234955,1.0,0.628099173553719,-0.4362,3.879,2.1842,1.3743,5.0,4.3708205120293915,1.0261126654714614,2.98960897131151,4.29101372285921,6.002390473746862,0.999875
US7789203061,SHAZ,SharonAI Holdings Inc.,United States and Canada,United States and Canada,US,USD,NasdaqCM,Information Technology,IT Services,Small Cap,Core,1782.66,0.37,930.38,49.79,113.75,184.00610572117665,175.0359609572303,193.36532473661924,2.6956438184610736,5.363356275559115,1.0,1.2845953002610966,,,,-0.7886,4.0,2.740808025913465,0.5945135820250925,2.002607142266965,2.7025160435677784,3.5716312741803633,0.9996875
US74006W2070,PRAX,Praxis Precision Medicines Inc.,United States and Canada,United States and Canada,US,USD,NasdaqGS,Health Care,Biotechnology,Mid Cap,Growth,10072.41,0.15,8699.66,360.76,621.6316,1298.0290525175692,1232.7572430122755,1367.800951029621,2.5980403939393586,5.236446071082169,1.0,0.723116753520346,0.224,0.6294,,1.9617,19.0,2.6190150292993275,0.38864158914266544,2.103537536660752,2.5981899515907387,3.1771260722863217,0.99990625
CNE100007CW0,3317,Shenzhen Xunce Technology Co. Ltd.,Asia / Pacific,Asia / Pacific,CN,HKD,SEHK,Information Technology,IT Services,Mid Cap,Core,5425.34,0.08,5271.71,131.9,243.2501,436.55512750180003,414.8526915975807,458.6701248772467,2.3097431956163903,4.840962921140949,1.0,0.8442009097801365,1.6119,,,,5.0,2.363463054137566,0.7555733385149653,1.5823532486936522,2.314832300929541,3.2443590994964704,0.99978125
US76029N1063,REPL,Replimune Group Inc.,United States and Canada,United States and Canada,US,USD,NasdaqGS,Health Care,Biotechnology,Small Cap,Value,1012.61,0.44,855.31,12.06,19.3333,37.93702810812136,35.787720135730574,40.17484253032675,2.1456905562289674,4.599510781387621,1.0,0.6030928689883914,0.2407,-0.6296,,-0.1397,6.0,2.181422940256447,0.5845403767596815,1.6001627731161177,2.1461960127475805,2.8333918488508516,0.99984375
IT0004147952,NWRN,Newron Pharmaceuticals S.p.A.,Europe,Europe,IT,CHF,SWX,Health Care,Pharmaceuticals,Small Cap,Core,314.83,0.78,325.54,12.22,47.475,36.37026009509574,34.91296075220511,37.85019337103736,1.9762896968163395,4.3386324805787435,1.0,2.885024549918167,-0.4876,4.4798,-0.3859,0.3142,4.0,2.1083142715625947,2.0357989530484937,0.9381072970919213,1.972884779286068,3.531439523353706,0.99721875
KYG2646Y1044,DMRA,Damora Therapeutics Inc.,United States and Canada,United States and Canada,US,USD,NasdaqCM,Health Care,Biotechnology,Small Cap,Core,1841.67,0.36,1441.22,29.92,44.6667,84.28330900121912,79.87466066304096,89.02033703018931,1.8169555147466316,4.0770069165753595,1.0,0.4928709893048128,0.3003,-0.734,,-0.2483,9.0,1.8287100626824049,0.35187537583411665,1.4326497272899814,1.8152333028652194,2.2558429803271167,0.99990625
AU0000185993,IREN,IREN Limited,United States and Canada,Asia / Pacific,AU,USD,NasdaqGS,Information Technology,Software,Mid Cap,Core,14734.72,0.12,16486.36,41.23,81.7333,111.67862722807973,106.84918553673938,116.62402507775853,1.7086739565384277,3.8921599678277867,1.0,0.9823744845985932,0.0916,,,0.9703,15.0,1.7303888924346598,0.7985358970902168,1.3267769325075662,1.709843478766122,2.1683607074133464,0.99996875
GB00BQH8G337,RZLV,Rezolve AI PLC,United States and Canada,Europe,GB,USD,NasdaqGM,Information Technology,Software,Small Cap,Growth,1088.8,0.43,1134.96,2.73,10.5,7.331046230229366,7.039511657528872,7.625431588398524,1.685364919497933,3.8514781708820967,1.0,2.8461538461538463,0.0623,,,-0.3607,5.0,1.7512249289748014,0.7241759749969874,0.905061175345484,1.6870567599316824,2.7520934456044377,0.99678125
US17253J1060,CIFR,Cipher Digital Inc.,United States and Canada,United States and Canada,US,USD,NasdaqGS,Information Technology,Software,Small Cap,Growth,7130.23,0.19,11910.88,17.18,32.5882,44.87781651002211,42.89087349580365,46.87810820731323,1.6122128352748566,3.7203826237003943,1.0,0.8968684516880093,0.164,0.7232,,0.7253,17.0,1.6267002290008359,0.2787537434744158,1.2589074323023612,1.6131084791642225,2.0280384661162527,0.99996875
KR7298380007,A298380,ABL Bio Inc.,Asia / Pacific,Asia / Pacific,KR,KRW,KOSDAQ,Health Care,Biotechnology,Mid Cap,Core,3444.79,0.05,3352.02,86600.0,257500.0,210229.5917226365,201320.2689996703,219114.590322371,1.427593437905727,3.3733180168082537,1.0,1.9734411085450345,-0.567,3.2978,,0.6377,4.0,1.4714296551852668,1.4897064226210752,0.9300143020075609,1.4291928133668046,2.0623061399963754,0.99928125
US88080T1043,WULF,TeraWulf Inc.,United States and Canada,United States and Canada,US,USD,NasdaqCM,Information Technology,Software,Mid Cap,Core,8522.39,0.17,11140.16,17.08,37.4444,41.04892135843712,39.31190199239898,42.90244299538623,1.403332632227012,3.325656282242234,1.0,1.1922950819672131,0.4865,,,0.9197,18.0,1.4160424183317637,0.26834109296066055,1.08333104721661,1.4039797088987176,1.776937991648742,0.9998125
US0381692070,APLD,Applied Digital Corporation,United States and Canada,United States and Canada,US,USD,NasdaqGS,Information Technology,IT Services,Mid Cap,Growth,8516.73,0.17,14050.76,29.22,74.2273,69.33797105052813,66.67877326362328,72.06933886544017,1.3729627327353926,3.2657275205756613,1.0,1.5402908966461328,0.1917,2.4056,,0.5459,11.0,1.3884265877410504,0.3005485295127404,0.976369307839925,1.372554401613827,1.8483880452245138,0.99928125
US68062P1066,OLMA,Olema Pharmaceuticals Inc.,United States and Canada,United States and Canada,US,USD,NasdaqGS,Health Care,Biotechnology,Small Cap,Core,1052.54,0.44,551.15,12.05,40.7,27.928277618765943,26.685205212775625,29.212128530614688,1.31769938744946,3.1537167615191253,1.0,2.3775933609958506,-0.518,-0.539,,0.0944,10.0,1.3425424230560408,0.4568342922131527,0.8453490727078844,1.3144597502938575,1.8920020656067826,0.999
SG9999014716,WVE,Wave Life Sciences Ltd.,United States and Canada,Asia / Pacific,SG,USD,NasdaqGM,Health Care,Pharmaceuticals,Small Cap,Growth,1201.99,0.42,754.98,6.1,19.0625,14.104306849171154,13.580211645717133,14.646822091835748,1.3121814506838043,3.1428652532458394,1.0,2.125,-0.6412,0.0269,-0.6831,0.0997,16.0,1.3374011283073282,0.7191622898019684,0.8476521457338027,1.311599311497264,1.869971266462715,0.99934375
AU000000EOS8,EOS,Electro Optic Systems Holdings Limited,Asia / Pacific,Asia / Pacific,AU,AUD,ASX,Industrials,Aerospace and Defense,Small Cap,Core,1213.3,0.16,1145.5,7.74,13.6375,17.726313473973867,16.984233786151805,18.473991042416603,1.290221379066392,3.0974317586291997,1.0,0.7619509043927648,-0.1801,0.8651,3.3,0.9042,4.0,1.3130822447662005,0.3769073652885486,0.8236958654057958,1.2882036421367746,1.8638407146802924,0.99928125
US67576A1007,OCUL,Ocular Therapeutix Inc.,United States and Canada,United States and Canada,US,USD,NasdaqGM,Health Care,Pharmaceuticals,Small Cap,Core,2018.27,0.35,1499.01,9.19,27.0909,20.647564256666772,19.854381602385843,21.4525427892256,1.2467425741748461,3.0068002907427505,1.0,1.947867247007617,-0.243,-0.1273,0.4204,0.2819,11.0,1.2633229323331034,0.30641467150021245,0.8896038814842961,1.2464382725273653,1.6617459486692334,0.9995
CA66987E2069,NG,NovaGold Resources Inc.,United States and Canada,United States and Canada,CA,CAD,TSX,Materials,Metals and Mining,Small Cap,Growth,3323.26,0.13,3128.39,10.56,20.6998,23.453429289453652,22.50830963684501,24.42767213631406,1.2209686827134183,2.952014175115263,1.0,0.9602083333333333,-0.175,0.127,0.1865,0.2188,4.0,1.249121658234768,0.410658349257951,0.7499780032602896,1.2200030910013644,1.8053258823453835,0.9984375
US0396971071,ARDX,Ardelyx Inc.,United States and Canada,United States and Canada,US,USD,NasdaqGM,Health Care,Biotechnology,Small Cap,Growth,996.75,0.44,997.43,4.0,13.0,8.807981555390143,8.482763495391323,9.144608760977796,1.2019953888475396,2.9115822386148147,1.0,2.25,-0.3139,1.5,-0.6105,0.0217,10.0,1.2243983294675123,0.3599330919333395,0.7838333902129654,1.2015210761832098,1.7179852789635437,0.99890625
CA2926717083,EFR,Energy Fuels Inc.,United States and Canada,United States and Canada,US,CAD,TSX,Energy,Oil Gas and Consumable Fuels,Small Cap,Growth,3530.03,0.12,3245.76,19.69,40.375,43.01007702719307,41.39193959488807,44.70754399988138,1.1843614538950225,2.8734489767708906,1.0,1.0505332656170645,-0.0096,1.9743,5.7432,0.342,4.0,1.2104809051169545,0.35964823332546886,0.7375189244735283,1.1855699488175526,1.743419250551255,0.99825
CA39944C1005,GRGD,Groupe Dynamite Inc.,United States and Canada,United States and Canada,CA,CAD,TSX,Consumer Discretionary,Specialty Retail,Small Cap,Core,4804.97,0.1,5167.44,61.45,89.2308,131.93580835588503,126.41269774558666,137.6633265663656,1.1470432604700518,2.7915668975517556,1.0,0.4520878763222132,-0.2567,,,,13.0,1.1554984876120562,0.19193764061737184,0.8849051833288406,1.1462733293996303,1.451689695251532,1.0
US35834F1049,TE,T1 Energy Inc.,United States and Canada,United States and Canada,US,USD,NYSE,Information Technology,Semiconductors and Semiconductor Equipment,Small Cap,Core,1633.74,0.38,2209.65,5.85,9.7143,12.549988617431245,11.94506861157615,13.165275516104465,1.1452971995608976,2.7872781265932356,1.0,0.6605641025641026,-0.1243,-0.5101,,-0.0906,7.0,1.1645925407853353,0.37566664778672265,0.7303209227900679,1.1419733404291847,1.6504024510027846,0.99896875
US30233G2093,EYPT,EyePoint Inc.,United States and Canada,United States and Canada,US,USD,NasdaqGM,Health Care,Pharmaceuticals,Small Cap,Core,1197.49,0.42,1039.38,13.89,40.9286,29.780365385114838,28.63835277523613,30.990353813031263,1.1440147865453465,2.7851047342076076,1.0,1.9466234701223901,-0.2397,0.5081,-0.6475,0.0395,14.0,1.1622894521565967,0.32064881232362696,0.7623208581452188,1.1439125211320098,1.6111482740829455,0.998875
KYG6391R1074,2610,Nanshan Aluminium International Holdings Limited,Asia / Pacific,Asia / Pacific,ID,HKD,SEHK,Materials,Metals and Mining,Small Cap,Core,2200.11,0.15,1839.94,27.82,60.7684,58.89012471490313,56.696273651727005,61.17778241411718,1.116826912829018,2.7247242532392004,1.0,1.1843421998562185,-0.4181,,,,4.0,1.1489101608891483,0.4644832223949747,0.5859546274784475,1.1120657883502423,1.7903152510533187,0.9959375
CA03062D8035,USA,Americas Gold and Silver Corporation,United States and Canada,United States and Canada,CA,CAD,TSX,Materials,Metals and Mining,Small Cap,Core,1697.07,0.17,1633.42,7.01,12.6429,14.700726254720378,14.111897695540444,15.297093851453074,1.097107882271095,2.680259712041725,1.0,0.8035520684736092,-0.0043,0.6994,-0.4566,0.7613,7.0,1.1119804219585958,0.2644279472176303,0.7479249641139917,1.0973421060449422,1.5054574706401906,0.99953125
GB00B125SX82,PANR,Pantheon Resources Plc,Europe,Europe,GB,GBP,AIM,Energy,Oil Gas and Consumable Fuels,Small Cap,Core,272.35,0.53,265.51,0.1384,0.4,0.2889940582136646,0.2777001294302222,0.300650648446482,1.0881073570351538,2.65994282231592,1.0,1.8901734104046244,0.6149,-0.7479,-0.9209,0.0721,1.0,1.1682379910084686,0.8368106099116529,0.45396672349980344,1.0976257023563254,2.0313340118475445,0.99328125
BRLJQQACNOR5,LJQQ3,Lojas Quero-Quero S.A.,Latin America and Caribbean,Latin America and Caribbean,BR,BRL,BOVESPA,Consumer Discretionary,Specialty Retail,Small Cap,Core,42.71,0.9,378.72,1.05,3.8333,2.1828687759586995,2.1013118249702707,2.266087916227952,1.0789226437701878,2.639164326037579,1.0,2.6507619047619047,-0.5249,-0.9454,,-0.4349,3.0,1.127072462712417,0.5062110768341788,0.4778298681250226,1.0833377822528003,1.8914057915343268,0.9941875
KR7007660004,A007660,ISU Petasys Co. Ltd.,Asia / Pacific,Asia / Pacific,KR,KRW,KOSE,Information Technology,Electronic Equipment Instruments and Components,Mid Cap,Growth,4292.45,0.04,4297.35,82300.0,184928.5714,170910.74321346337,163958.77225207296,178017.63950303296,1.0766797474296907,2.6338447477780504,1.0,1.2470057278250304,-0.3081,25.3151,20.8179,0.4153,14.0,1.0891678470762927,0.22729880876349756,0.800361653047467,1.079401810613719,1.3969725255311642,0.99984375
US68375N1037,OPK,OPKO Health Inc.,United States and Canada,United States and Canada,US,USD,NasdaqGS,Health Care,Health Care Providers and Services,Small Cap,Value,1022.47,0.44,1119.79,1.37,4.375,2.8344562901211803,2.7254464845773048,2.945808833792288,1.068946197168741,2.6163227176623054,1.0,2.1934306569343067,0.0873,-0.6404,-0.8645,-0.0903,4.0,1.2125116740519624,2.9297872116062758,0.2246772801891977,1.063568058105105,2.421447742186391,0.97834375
NO0010872468,AGLX,Agilyx ASA,Europe,United States and Canada,US,NOK,OB,Industrials,Commercial Services and Supplies,Small Cap,Core,244.88,0.48,318.44,18.5,32.3808,38.257533307008245,36.804789376203864,39.74659416204356,1.0679747733517875,2.614093861989759,1.0,0.7503135135135135,-0.2449,-0.251,,-0.1439,1.0,1.1525729202770918,2.9712169176307124,0.4361885264263368,1.0667577259979864,1.9998805795920773,0.9928125
