isin,ticker,name,trading_region,region,country,country_name,trading_country,trading_country_name,exchange,exchange_name,unit,unit_name,style_class,size_class,sector,industry,last_updated,income_statement_report_date,next_earnings,next_earnings_when,next_earnings_status,fy_end_date,next_fiscal_quarter,next_income_statement_report_date,next_fy_end_date,expected_report_date,days_to_next_earnings,days_since_last_report,days_to_next_fy_end,days_to_next_fiscal_quarter,days_to_next_report,days_to_expected_report,days_since_fy_end,market_cap,enterprise_value,market_cap_global_r,market_cap_global_sec_r,market_cap_region_r,market_cap_region_sec_r,market_cap_country_r,market_cap_country_sec_r,n_analysts,mcap_global_r,mcap_country_r,last_price,observed_pt,expected_upside,expected_upside_sd,prob_pos,implied_upside,expected_pt,expected_pt_hdi_lo,expected_pt_hdi_hi,shrink_gain,risk_adj_return,kalman_gain,er_mean,er_sd,er_p05,er_p50,er_p95,mc_prob_pos,p_upside_pos_cond,band_width,cvar05,exp_vol,ret_vol_ratio,expected_sharpe_ratio,tail_risk,starr,book_weight,run_id,exported_at,source_sha,source_dirty
INE040A01034,HDFCBANK,HDFC Bank Limited,Asia / Pacific,Asia / Pacific,IN,India,IN,India,NSEI,National Stock Exchange of India,INR,Indian Rupee,Core,Large Cap,Financials,Banks,2026-08-26,2026-06-30,2026-10-16,During-Market,Estimated,2026-03-31,2026-07-01,2026-09-30,2027-03-31,2026-08-14,50,58,216,-57,34,-13,-149,117703.18,,99,99,100,99,100,100,41.0,0.01,0.0,727.2,1018.7561,0.3894484398552471,0.020726926459935298,1.0,0.40092973047304725,1010.4069054627357,982.0495940226451,1038.6113866195144,0.8817966474630462,0.9944641588714064,1.0,0.393328269952956,0.09328369841612635,0.24440035919661926,0.3899689282946861,0.5509282702714514,1.0,1.0,0.05597922212434375,0.20291990955351571,0.09328369841612635,4.17488206908316,4.216473795864848,0.02332092460403159,16.69952827633264,0.03169236564987025,6efb530d5881,2026-08-27 03:27:53.469986+00:00,e73524306a17f3dea14a325c3f99ec064e335b1f,True
CNE000001B33,600036,China Merchants Bank Co. Ltd.,Asia / Pacific,Asia / Pacific,CN,China,CN,China,SHSE,Shanghai Stock Exchange,CNY,Chinese Yuan,Value,Large Cap,Financials,Banks,2026-08-26,2026-03-31,2026-08-28,After-Market,Confirmed,2025-12-31,2026-04-01,2026-06-30,2026-12-31,2026-05-15,1,149,126,-148,-58,-104,-239,151289.79,,100,99,100,99,100,100,19.0,0.0,0.0,39.8,52.9432,0.32208773380777966,0.02287142452940689,1.0,0.3302311557788944,52.61909180554963,50.91792524128928,54.36347371800404,0.8270901067526224,0.8177506885232535,1.0,0.3242033596309836,0.08618006371006812,0.18800854347173765,0.32165758650017506,0.4686308754204469,0.999875,0.99996875,0.06548095678746321,0.14959116008946974,0.08618006371006812,3.737381012984228,3.76192991364786,0.02154501592751703,14.949524051936912,0.028371207539855246,6efb530d5881,2026-08-27 03:27:53.469986+00:00,e73524306a17f3dea14a325c3f99ec064e335b1f,True
INE002A01018,RELIANCE,Reliance Industries Limited,Asia / Pacific,Asia / Pacific,IN,India,IN,India,NSEI,National Stock Exchange of India,INR,Indian Rupee,Core,Large Cap,Energy,Oil Gas and Consumable Fuels,2026-08-26,2026-06-30,2026-10-23,During-Market,Estimated,2026-03-31,2026-07-01,2026-09-30,2027-03-31,2026-08-14,57,58,216,-57,34,-13,-149,184482.03,218268.0,100,99,100,100,100,100,28.0,0.0,0.0,1298.0,1673.0,0.28440847480917064,0.01625795065314312,1.0,0.2889060092449922,1667.1622003023035,1628.0291048925067,1707.4266205121055,0.9029541686486529,0.6982668005175309,1.0,0.2870447954721332,0.08085615002822988,0.1595873189031272,0.283795577150601,0.42444511747561536,0.9996875,1.0,0.04762434969147083,0.12487345703590691,0.08085615002822988,3.5174624899883695,3.550067562849767,0.02021403750705747,14.069849959953478,0.02670176200136252,6efb530d5881,2026-08-27 03:27:53.469986+00:00,e73524306a17f3dea14a325c3f99ec064e335b1f,True
INE090A01021,ICICIBANK,ICICI Bank Limited,Asia / Pacific,Asia / Pacific,IN,India,IN,India,NSEI,National Stock Exchange of India,INR,Indian Rupee,Core,Large Cap,Financials,Banks,2026-08-26,2026-06-30,2026-10-23,After-Market,Estimated,2026-03-31,2026-07-01,2026-09-30,2027-03-31,2026-08-14,57,58,216,-57,34,-13,-149,107769.36,,99,99,100,99,100,100,42.0,0.01,0.0,1430.0,1739.3571,0.21632706856550224,0.008658441989743559,1.0,0.21633363636363634,1739.3477080486682,1716.1140101655585,1762.7310986803307,0.9569313306703959,0.39455858782563724,1.0,0.2174364988823564,0.06344617919500559,0.1163362315946655,0.2157876031953596,0.3239732290377812,0.9995,0.9999375,0.026801477530372996,0.08778017334142346,0.06344617919500559,3.409615382836659,3.4271015471877737,0.015861544798751397,13.638461531346636,0.025883073018637952,6efb530d5881,2026-08-27 03:27:53.469986+00:00,e73524306a17f3dea14a325c3f99ec064e335b1f,True
INE238A01034,532215,Axis Bank Limited,Asia / Pacific,Asia / Pacific,IN,India,IN,India,BSE,Bombay Stock Exchange,INR,Indian Rupee,Core,Large Cap,Financials,Banks,2026-08-26,2026-06-30,2026-10-23,Pre-Market,Estimated,2026-03-31,2026-07-01,2026-09-30,2027-03-31,2026-08-14,57,58,216,-57,34,-13,-149,40977.79,,98,97,99,97,99,98,41.0,0.02,0.01,1254.0,1581.8049,0.25952823483435283,0.008742228609570009,1.0,0.2614074162679427,1579.4484064822784,1559.2038285527103,1600.8462736251115,0.9700094385846655,0.4086600989535216,1.0,0.26275044202086845,0.07829268494372543,0.14029200706874184,0.2598910532437261,0.39528163784505865,0.99925,0.99978125,0.026365182237985577,0.10388478524595846,0.07829268494372543,3.314846527755363,3.356002444030704,0.019573171235931358,13.259386111021453,0.025163663665809077,6efb530d5881,2026-08-27 03:27:53.469986+00:00,e73524306a17f3dea14a325c3f99ec064e335b1f,True
INE733E01010,NTPC,NTPC Limited,Asia / Pacific,Asia / Pacific,IN,India,IN,India,NSEI,National Stock Exchange of India,INR,Indian Rupee,Core,Large Cap,Utilities,Independent Power and Renewable Electricity Producers,2026-08-26,2026-06-30,2026-10-28,During-Market,Estimated,2026-03-31,2026-07-01,2026-09-30,2027-03-31,2026-08-14,62,58,216,-57,34,-13,-149,34075.99,62530.71,98,97,99,100,99,97,28.0,0.02,0.01,334.6,433.0714,0.2882250714683067,0.016441762362685998,1.0,0.29429587567244453,431.04010891329546,420.7733797068041,441.3294108020776,0.914677522534136,0.6134675217069857,1.0,0.2916348349677116,0.08812393735837831,0.1522208345061873,0.2882855933389625,0.4403376238956415,0.99925,0.9998125,0.047689369667007805,0.1132320556727787,0.08812393735837831,3.270678547829365,3.3093713661670003,0.022030984339594578,13.08271419131746,0.024828375687210375,6efb530d5881,2026-08-27 03:27:53.469986+00:00,e73524306a17f3dea14a325c3f99ec064e335b1f,True
AEE01195A234,ADNOCGAS,ADNOC Gas PLC,Africa / Middle East,Africa / Middle East,AE,United Arab Emirates,AE,United Arab Emirates,ADX,Abu Dhabi Securities Exchange,AED,UAE Dirham,Value,Large Cap,Energy,Oil Gas and Consumable Fuels,2026-08-26,2026-06-30,2026-11-11,Pre-Market,Estimated,2025-12-31,2026-07-01,2026-09-30,2026-12-31,2026-08-14,76,58,126,-57,34,-13,-239,67667.01,66599.96,99,98,100,99,99,0,19.0,0.01,0.01,3.24,4.1484,0.2784801180101079,0.01949061268456395,1.0,0.28037037037037016,4.14227558235275,4.022841888003368,4.263152111825296,0.8747430048482122,0.5798375021137806,1.0,0.2809220770254228,0.08540597568541118,0.14456513993836823,0.278528952458161,0.4263698801320606,0.9995625,0.99996875,0.05801405991569387,0.10746380090483061,0.08540597568541118,3.260663153546493,3.2892555207165577,0.021351493921352795,13.042652614185972,0.024752346824002243,6efb530d5881,2026-08-27 03:27:53.469986+00:00,e73524306a17f3dea14a325c3f99ec064e335b1f,True
HK0941009539,941,China Mobile Limited,Asia / Pacific,Asia / Pacific,HK,Hong Kong,HK,Hong Kong,SEHK,Hong Kong Stock Exchange,HKD,Hong Kong Dollar,Value,Large Cap,Communication Services,Wireless Telecommunication Services,2026-08-26,2026-06-30,2026-10-21,After-Market,Estimated,2025-12-31,2026-07-01,2026-09-30,2026-12-31,2026-08-14,55,58,126,-57,34,-13,-239,225619.83,193294.34,100,100,100,100,100,99,15.0,0.0,0.0,80.1,96.6074,0.19998016701478188,0.02216435624062121,1.0,0.20608489388264672,96.11841137788402,92.86219883633862,99.51018238166337,0.6686297931968413,0.3769793604981291,1.0,0.20068869503072304,0.06287009849062121,0.09974728009175547,0.19926844874758834,0.30624827589236653,0.99884375,0.99996875,0.06916451749486978,0.07165525546566863,0.06287009849062121,3.180847045191354,3.1921167589813977,0.015717524622655302,12.723388180765417,0.024146446765298014,6efb530d5881,2026-08-27 03:27:53.469986+00:00,e73524306a17f3dea14a325c3f99ec064e335b1f,True
CNE100003RV9,601816,Beijing-Shanghai High-Speed Railway Co. Ltd.,Asia / Pacific,Asia / Pacific,CN,China,CN,China,SHSE,Shanghai Stock Exchange,CNY,Chinese Yuan,Core,Large Cap,Industrials,Transportation Infrastructure,2026-08-26,2026-03-31,2026-08-31,Pre-Market,Confirmed,2025-12-31,2026-04-01,2026-06-30,2026-12-31,2026-05-15,4,149,126,-148,-58,-104,-239,35885.38,44697.03,98,98,99,99,99,100,10.0,0.02,0.01,4.93,6.576,0.31930443457637714,0.02819152379550831,1.0,0.33387423935091287,6.504170862461539,6.2464826956013875,6.76950859531663,0.8053234917267208,0.8315559282762769,1.0,0.3238244619682429,0.10155331301809611,0.16269150374403224,0.31992065862448094,0.49563870883100714,0.99934375,0.9999375,0.08041392373835954,0.12031400208626003,0.10155331301809611,3.144205000180341,3.1887139113870124,0.02538832825452403,12.576820000721364,0.023868289665424997,6efb530d5881,2026-08-27 03:27:53.469986+00:00,e73524306a17f3dea14a325c3f99ec064e335b1f,True
BRBBDCACNPR8,BBDC4,Banco Bradesco S.A.,Latin America and Caribbean,Latin America and Caribbean,BR,Brazil,BR,Brazil,BOVESPA,B3 - Brasil Bolsa Balcao,BRL,Brazilian Real,Core,Large Cap,Financials,Banks,2026-08-25,2026-06-30,2026-11-04,During-Market,Confirmed,2025-12-31,2026-07-01,2026-09-30,2026-12-31,2026-08-14,69,58,126,-57,34,-13,-239,32448.17,,98,96,99,99,99,100,13.0,0.02,0.01,16.78,22.6155,0.33055861095147704,0.02882909099797297,1.0,0.34776519666269357,22.32677349176579,21.43122108484351,23.25298783935961,0.8486624709142527,0.7919977674054185,1.0,0.3350348005685595,0.11691586519208524,0.15323885198116982,0.3293163698696478,0.5345694322802054,0.9983125,0.9995625,0.08159561233457997,0.10445504878071665,0.11691586519208524,2.827320401798255,2.865605963896507,0.02922896629802131,11.30928160719302,0.021462755234857755,6efb530d5881,2026-08-27 03:27:53.469986+00:00,e73524306a17f3dea14a325c3f99ec064e335b1f,True
KYG875721634,700,Tencent Holdings Limited,Asia / Pacific,Asia / Pacific,CN,China,HK,Hong Kong,SEHK,Hong Kong Stock Exchange,HKD,Hong Kong Dollar,Core,Large Cap,Communication Services,Interactive Media and Services,2026-08-26,2026-06-30,2026-11-11,After-Market,Estimated,2025-12-31,2026-07-01,2026-09-30,2026-12-31,2026-08-14,76,58,126,-57,34,-13,-239,510105.83,524772.38,100,100,100,100,100,100,42.0,0.0,0.0,445.4,664.9159,0.4802239527899,0.03102572720313891,1.0,0.49285114503816785,659.2917485726214,633.4538549555627,685.4664802185672,0.9214933911637658,1.3018836551754063,1.0,0.48841150415331797,0.1735707312446463,0.22270857027529595,0.47862244520533803,0.7886570930999309,0.99871875,0.9996875,0.07889166727114776,0.1549430739067451,0.1735707312446463,2.7667334771611283,2.8139047444865954,0.04339268281116158,11.066933908644513,0.021002827759679363,6efb530d5881,2026-08-27 03:27:53.469986+00:00,e73524306a17f3dea14a325c3f99ec064e335b1f,True
CNE000001R84,601318,Ping An Insurance (Group) Company of China Ltd.,Asia / Pacific,Asia / Pacific,CN,China,CN,China,SHSE,Shanghai Stock Exchange,CNY,Chinese Yuan,Value,Large Cap,Financials,Insurance,2026-08-26,2026-06-30,2026-10-23,After-Market,Estimated,2025-12-31,2026-07-01,2026-09-30,2026-12-31,2026-08-14,57,58,126,-57,34,-13,-239,143696.28,406556.81,100,99,100,99,100,99,13.0,0.0,0.0,56.13,76.9162,0.3452598156824897,0.0318465911986034,1.0,0.37032246570461425,75.50943345425816,72.2164973583538,78.95156363190308,0.8375709019917704,0.8636864339578456,1.0,0.3508387477059799,0.12479244433988086,0.15655080119114642,0.3446148213240523,0.5627519125480412,0.99859375,0.9995625,0.08919503120930214,0.10683418295666831,0.12479244433988086,2.766672433646309,2.811378121182131,0.031198111084970215,11.066689734585236,0.021002364366136696,6efb530d5881,2026-08-27 03:27:53.469986+00:00,e73524306a17f3dea14a325c3f99ec064e335b1f,True
INE062A01020,SBIN,State Bank of India,Asia / Pacific,Asia / Pacific,IN,India,IN,India,NSEI,National Stock Exchange of India,INR,Indian Rupee,Core,Large Cap,Financials,Banks,2026-08-26,2026-06-30,2026-11-03,After-Market,Estimated,2026-03-31,2026-07-01,2026-09-30,2027-03-31,2026-08-14,68,58,216,-57,34,-13,-149,101987.42,,99,99,100,99,100,99,39.0,0.01,0.0,1052.0,1261.8205,0.19694395285170915,0.010469322546224203,1.0,0.19944914448669215,1259.1850383999981,1238.8195969901878,1280.1987500403734,0.9504219006507516,0.2756288293317911,1.0,0.19856211723930633,0.07146646104130988,0.08531788276155068,0.19653907461114573,0.3191353844498314,0.996125,0.9991875,0.03286185253818182,0.05208405430834975,0.07146646104130988,2.7557535378430074,2.7783958285625916,0.01786661526032747,11.02301415137203,0.020919476841994713,6efb530d5881,2026-08-27 03:27:53.469986+00:00,e73524306a17f3dea14a325c3f99ec064e335b1f,True
GB00B0SWJX34,LSEG,London Stock Exchange Group plc,Europe,Europe,GB,United Kingdom,GB,United Kingdom,LSE,London Stock Exchange,GBP,British Pound,Core,Large Cap,Financials,Capital Markets,2026-08-26,2026-06-30,2026-10-22,During-Market,Estimated,2025-12-31,2026-07-01,2026-09-30,2026-12-31,2026-08-14,56,58,126,-57,34,-13,-239,57189.6,73060.35,99,98,98,97,98,99,15.0,0.01,0.02,86.88,119.1067,0.3605382921103852,0.02694441782297005,1.0,0.3709334714548804,118.20356681855026,113.95244615474687,122.7477889518353,0.9038247999779134,0.8731354255867033,1.0,0.36554363477294644,0.13364719696868185,0.15927517443067407,0.35959286391694867,0.598111801691171,0.997875,0.9994375,0.07440843820381352,0.10485677385216553,0.13364719696868185,2.6976868972034764,2.7351388062303013,0.03341179924217046,10.790747588813906,0.02047868134723436,6efb530d5881,2026-08-27 03:27:53.469986+00:00,e73524306a17f3dea14a325c3f99ec064e335b1f,True
CNE1000022F3,601211,Guotai Haitong Securities Co. Ltd.,Asia / Pacific,Asia / Pacific,CN,China,CN,China,SHSE,Shanghai Stock Exchange,CNY,Chinese Yuan,Core,Large Cap,Financials,Capital Markets,2026-08-26,2026-06-30,2026-10-30,After-Market,Estimated,2025-12-31,2026-07-01,2026-09-30,2026-12-31,2026-08-14,64,58,126,-57,34,-13,-239,44191.61,,98,97,99,97,99,94,7.0,0.02,0.01,17.85,24.8357,0.3669457739933434,0.035049284520858814,1.0,0.3913557422969187,24.399982065781185,23.24509341899962,25.629910260882102,0.8333563213344786,0.943876825831243,1.0,0.37248688772480987,0.13697487982978523,0.1605887678956505,0.36434285947806555,0.6094913330883018,0.99753125,0.99903125,0.09773846699776789,0.1034275644147742,0.13697487982978523,2.678927511740375,2.719381014881624,0.03424371995744631,10.7157100469615,0.020336275096321018,6efb530d5881,2026-08-27 03:27:53.469986+00:00,e73524306a17f3dea14a325c3f99ec064e335b1f,True
INE397D01024,532454,Bharti Airtel Limited,Asia / Pacific,Asia / Pacific,IN,India,IN,India,BSE,Bombay Stock Exchange,INR,Indian Rupee,Growth,Large Cap,Communication Services,Wireless Telecommunication Services,2026-08-26,2026-06-30,2026-10-30,During-Market,Estimated,2026-03-31,2026-07-01,2026-09-30,2027-03-31,2026-08-14,64,58,216,-57,34,-13,-149,124770.66,143875.29,100,99,100,100,100,100,33.0,0.0,0.0,1905.0,2320.6364,0.2138587082784239,0.016217634692254776,1.0,0.21818183727034124,2312.4008392703977,2255.4811762569857,2371.4648378276784,0.9012400134832825,0.4110645642305452,1.0,0.21729637068045685,0.08027602669482369,0.08945153476243158,0.2150700249920905,0.35247891793158426,0.99684375,0.9995,0.050157247654038874,0.05553817294995927,0.08027602669482369,2.6640420195611627,2.706865045856442,0.02006900667370592,10.65616807824465,0.02022327634492743,6efb530d5881,2026-08-27 03:27:53.469986+00:00,e73524306a17f3dea14a325c3f99ec064e335b1f,True
IE0001827041,CRH,CRH plc,United States and Canada,Europe,IE,Ireland,US,United States,NYSE,New York Stock Exchange,USD,US Dollar,Core,Large Cap,Materials,Construction Materials,2026-08-26,2026-06-30,2026-10-30,During-Market,Estimated,2025-12-31,2026-07-01,2026-09-30,2026-12-31,2026-08-14,64,58,126,-57,34,-13,-239,64565.86,82853.86,99,100,97,99,96,96,23.0,0.01,0.04,97.05,138.3196,0.4135870115149284,0.02770581279918211,1.0,0.4252405976300877,137.18861946752378,132.18935966239016,142.29147922288186,0.9217227818070725,0.9049174093693589,1.0,0.4197373554066642,0.155415173971608,0.1818334718819078,0.41113026370915107,0.6848179225301679,0.998,0.99846875,0.07363671709578755,0.1189285440450826,0.155415173971608,2.661175231129519,2.700748869498057,0.038853793492902,10.644700924518077,0.020201513979976025,6efb530d5881,2026-08-27 03:27:53.469986+00:00,e73524306a17f3dea14a325c3f99ec064e335b1f,True
INE154A01025,ITC,ITC Limited,Asia / Pacific,Asia / Pacific,IN,India,IN,India,NSEI,National Stock Exchange of India,INR,Indian Rupee,Core,Large Cap,Consumer Staples,Tobacco,2026-08-26,2026-06-30,2026-10-29,During-Market,Estimated,2026-03-31,2026-07-01,2026-09-30,2027-03-31,2026-08-14,63,58,216,-57,34,-13,-149,35563.0,33279.1,98,98,99,100,99,99,33.0,0.02,0.01,270.25,327.0,0.21198508452596726,0.020931452707079603,1.0,0.20999074930619788,327.5389690931426,316.86134119669475,338.1211643350409,0.8306737951572684,0.3837925231557091,1.0,0.2144440342393984,0.08007433945156867,0.08724505212844598,0.21177873830145827,0.3493963231743216,0.99640625,0.99965625,0.06490776714968667,0.05367573048046203,0.08007433945156867,2.6473535214634163,2.678061857370681,0.020018584862892166,10.589414085853665,0.020096590614621976,6efb530d5881,2026-08-27 03:27:53.469986+00:00,e73524306a17f3dea14a325c3f99ec064e335b1f,True
DK0060079531,DSV,DSV A/S,Europe,Europe,DK,Denmark,DK,Denmark,CPSE,Nasdaq Copenhagen,DKK,Danish Krone,Core,Large Cap,Industrials,Air Freight and Logistics,2026-08-26,2026-06-30,2026-10-21,Pre-Market,Confirmed,2025-12-31,2026-07-01,2026-09-30,2026-12-31,2026-08-14,55,58,126,-57,34,-13,-239,51167.91,64546.02,99,99,98,98,99,100,20.0,0.01,0.01,1375.0,2006.9,0.4446547015423005,0.027411824038773347,1.0,0.4595636363636364,1986.4002146206633,1916.5016728519936,2057.62073979893,0.9347346983391115,1.113841123543845,1.0,0.4566693724997408,0.16972042545350022,0.19302707740382619,0.44789153871118426,0.7464048197831249,0.99771875,0.999,0.07104261563618769,0.1260677688849365,0.16972042545350022,2.619924504396947,2.6907154591411184,0.042430106363375054,10.479698017587788,0.019888371454439092,6efb530d5881,2026-08-27 03:27:53.469986+00:00,e73524306a17f3dea14a325c3f99ec064e335b1f,True
US01609W1027,BABA,Alibaba Group Holding Limited,United States and Canada,Asia / Pacific,CN,China,US,United States,NYSE,New York Stock Exchange,USD,US Dollar,Core,Large Cap,Consumer Discretionary,Broadline Retail,2026-08-26,2026-06-30,2026-11-19,During-Market,Estimated,2026-03-31,2026-07-01,2026-09-30,2027-03-31,2026-08-14,84,58,216,-57,34,-13,-149,273322.53,265327.15,100,100,99,99,99,99,39.0,0.0,0.01,119.83,186.6613,0.5410418132005629,0.029577261288433063,1.0,0.5577175999332389,184.66304047582344,178.0654290510075,191.40496161838874,0.9498769591235657,1.3738403652785978,1.0,0.5532806174364356,0.20813022576174536,0.23968803582369924,0.5381381373159017,0.9172294593811979,0.99834375,0.9990625,0.07223715440300944,0.1613126485687433,0.20813022576174536,2.599535032551755,2.6583386214638383,0.05203255644043634,10.39814013020702,0.019733590891435678,6efb530d5881,2026-08-27 03:27:53.469986+00:00,e73524306a17f3dea14a325c3f99ec064e335b1f,True
NL0013654783,PRX,Prosus N.V.,Europe,Europe,NL,Netherlands,NL,Netherlands,ENXTAM,Euronext Amsterdam,EUR,Euro,Core,Large Cap,Consumer Discretionary,Broadline Retail,2026-08-26,2026-03-31,2026-11-24,Pre-Market,Estimated,2026-03-31,2026-04-01,2027-03-31,2027-03-31,2026-06-29,89,149,216,-148,216,-59,-149,93583.88,95662.44,99,100,99,99,98,0,17.0,0.01,0.02,38.01,62.3768,0.5832603339465395,0.056747424908769196,1.0,0.6410628781899501,60.17972529330796,56.23279457840018,64.288526029335,0.830871030883167,1.6657223496078766,1.0,0.5999314989477164,0.22485245818131527,0.26089087348478324,0.5861085835934876,0.9910231616319881,0.99840625,0.99928125,0.13386122006493484,0.17972655549626623,0.22485245818131527,2.5939691238608265,2.668111808962066,0.05621311454532882,10.375876495443306,0.019691338964198498,6efb530d5881,2026-08-27 03:27:53.469986+00:00,e73524306a17f3dea14a325c3f99ec064e335b1f,True
CNE000001DB6,600030,CITIC Securities Company Limited,Asia / Pacific,Asia / Pacific,CN,China,CN,China,SHSE,Shanghai Stock Exchange,CNY,Chinese Yuan,Core,Large Cap,Financials,Capital Markets,2026-08-26,2026-06-30,2026-10-29,Pre-Market,Estimated,2025-12-31,2026-07-01,2026-09-30,2026-12-31,2026-08-14,63,58,126,-57,34,-13,-239,62013.03,,99,98,100,98,100,97,10.0,0.01,0.0,27.77,38.101,0.33611769994839935,0.03799397597954815,1.0,0.3720201656463811,37.103988527567054,35.144513865804655,39.12850324704569,0.7885211741647088,0.7618249854050325,1.0,0.3411988379814183,0.12992310129870493,0.1410147831944471,0.33523634709160244,0.562559092249923,0.9970625,0.99821875,0.107373615057073,0.08838826776082158,0.12992310129870493,2.5870510832067843,2.6261598943591364,0.032480775324676234,10.348204332827137,0.019638822732515642,6efb530d5881,2026-08-27 03:27:53.469986+00:00,e73524306a17f3dea14a325c3f99ec064e335b1f,True
US67066G1040,NVDA,NVIDIA Corporation,United States and Canada,United States and Canada,US,United States,US,United States,NasdaqGS,Nasdaq Global Select Market,USD,US Dollar,Growth,Large Cap,Information Technology,Semiconductors and Semiconductor Equipment,2026-08-26,2026-04-26,2026-08-26,After-Market,Confirmed,2026-01-31,2026-07-01,2026-07-26,2027-01-31,2026-06-10,-1,123,157,-57,-32,-78,-208,5078075.32,5037717.32,100,100,100,100,100,100,58.0,0.0,0.0,209.66,305.7931,0.43393969306472435,0.031046447023611135,1.0,0.45851903081179035,300.6397960479501,288.70173113984396,313.28078018766274,0.9189064873680592,0.7507902805488165,0.995625,0.44300114708337107,0.1679826218384492,0.18593142524702033,0.4325490808872115,0.7354023895063664,0.997625,0.99253125,0.08175580668601368,0.12018511673760791,0.1679826218384492,2.5832415777034905,2.637184383926394,0.0419956554596123,10.332966310813962,0.019609904013529626,6efb530d5881,2026-08-27 03:27:53.469986+00:00,e73524306a17f3dea14a325c3f99ec064e335b1f,True
SA14TG012N13,2222,Saudi Arabian Oil Company,Africa / Middle East,Africa / Middle East,SA,Saudi Arabia,SA,Saudi Arabia,SASE,Saudi Exchange (Tadawul),SAR,Saudi Riyal,Core,Large Cap,Energy,Oil Gas and Consumable Fuels,2026-08-26,2026-06-30,2026-11-03,Pre-Market,Confirmed,2025-12-31,2026-07-01,2026-09-30,2026-12-31,2026-08-14,68,58,126,-57,34,-13,-239,1681567.94,1775359.19,100,100,100,100,100,0,18.0,0.0,0.0,26.1,30.1198,0.15874439357581588,0.01968595721414138,1.0,0.15401532567049814,30.243228672328797,29.268024851987235,31.214221305189923,0.7417359016600864,0.19642653606311938,0.832,0.1603576568418367,0.0616400034174091,0.061268216880001766,0.1585404272849015,0.2649644594717428,0.995,0.99965625,0.06435147762458877,0.03420589208681533,0.0616400034174091,2.575346930155773,2.601519272410465,0.015410000854352275,10.301387720623092,0.019549974163388,6efb530d5881,2026-08-27 03:27:53.469986+00:00,e73524306a17f3dea14a325c3f99ec064e335b1f,True
GB0007099541,PRU,Prudential plc,Europe,Asia / Pacific,HK,Hong Kong,GB,United Kingdom,LSE,London Stock Exchange,GBP,British Pound,Core,Large Cap,Financials,Insurance,2026-08-26,2025-12-31,2026-11-04,Pre-Market,Confirmed,2025-12-31,2026-01-01,2026-12-31,2026-12-31,2026-03-31,69,239,126,-238,126,-149,-239,35062.53,38523.87,98,96,97,95,97,98,13.0,0.02,0.03,10.395,14.1729,0.34725377632072685,0.025986731741763015,1.0,0.36343434343434344,14.004703004853955,13.506210513173666,14.522897637180588,0.9109623045507188,0.7854619646870103,1.0,0.3549369453854104,0.13719620732667365,0.14438883774716754,0.34775816421740524,0.5888669432519564,0.9964375,0.9985,0.07259612172100637,0.08853488632628814,0.13719620732667365,2.531074168062763,2.587075490653185,0.03429905183166841,10.124296672251052,0.019213890762380812,6efb530d5881,2026-08-27 03:27:53.469986+00:00,e73524306a17f3dea14a325c3f99ec064e335b1f,True
CNE0000018R8,600519,Kweichow Moutai Co. Ltd.,Asia / Pacific,Asia / Pacific,CN,China,CN,China,SHSE,Shanghai Stock Exchange,CNY,Chinese Yuan,Core,Large Cap,Consumer Staples,Beverages,2026-08-26,2026-06-30,2026-10-26,After-Market,Estimated,2025-12-31,2026-07-01,2026-09-30,2026-12-31,2026-08-14,60,58,126,-57,34,-13,-239,242298.05,235714.98,100,100,100,100,100,100,19.0,0.0,0.0,1302.8,1695.0805,0.29823036069298514,0.03187284451649348,1.0,0.301105695425238,1691.3345139108208,1616.1184509270452,1770.7045729252527,0.8181871449034449,0.7325517619276714,1.0,0.3053577941926749,0.11959378828005654,0.11954757261455311,0.30057822325486533,0.5098688449065505,0.99653125,0.9991875,0.09139890466774832,0.07149360374457121,0.11959378828005654,2.4936944048850576,2.553291425785501,0.029898447070014135,9.97477761954023,0.018930133496204055,6efb530d5881,2026-08-27 03:27:53.469986+00:00,e73524306a17f3dea14a325c3f99ec064e335b1f,True
BRITSAACNPR7,ITSA4,Itaúsa S.A.,Latin America and Caribbean,Latin America and Caribbean,BR,Brazil,BR,Brazil,BOVESPA,B3 - Brasil Bolsa Balcao,BRL,Brazilian Real,Core,Large Cap,Financials,Banks,2026-08-25,2026-06-30,2026-11-09,After-Market,Confirmed,2025-12-31,2026-07-01,2026-09-30,2026-12-31,2026-08-14,74,58,126,-57,34,-13,-239,28324.66,30313.11,98,96,98,99,98,94,7.0,0.02,0.02,12.85,16.7,0.29515808924302533,0.025763815071634735,1.0,0.2996108949416343,16.642781446772872,16.02695140148555,17.273879396676563,0.8836266115405015,0.6951221712274909,1.0,0.3000543094928008,0.11849423956019192,0.11577114249256412,0.29445638323792434,0.5034705580732236,0.99584375,0.9989375,0.07492305292711741,0.06700472534699727,0.11849423956019192,2.4909066494586254,2.532226972437603,0.02962355989004798,9.963626597834502,0.018908971086618605,6efb530d5881,2026-08-27 03:27:53.469986+00:00,e73524306a17f3dea14a325c3f99ec064e335b1f,True
HK0388045442,388,Hong Kong Exchanges and Clearing Limited,Asia / Pacific,Asia / Pacific,HK,Hong Kong,HK,Hong Kong,SEHK,Hong Kong Stock Exchange,HKD,Hong Kong Dollar,Core,Large Cap,Financials,Capital Markets,2026-08-26,2026-06-30,2026-10-21,Pre-Market,Estimated,2025-12-31,2026-07-01,2026-09-30,2026-12-31,2026-08-14,55,58,126,-57,34,-13,-239,67854.29,46625.19,99,98,100,98,99,94,17.0,0.01,0.01,420.8,513.1177,0.2163252900028415,0.02183783610158762,1.0,0.21938616920152088,511.82968203319575,494.9808608032961,529.3653523140587,0.8486640616182033,0.27052571100735473,1.0,0.2183080538415893,0.0878225760975224,0.08012997611007767,0.21520769379244112,0.3672326816621821,0.99465625,0.9980625,0.06717955741482869,0.043005186283509335,0.0878225760975224,2.4632082047174695,2.48578513113951,0.0219556440243806,9.852832818869878,0.018698706647014392,6efb530d5881,2026-08-27 03:27:53.469986+00:00,e73524306a17f3dea14a325c3f99ec064e335b1f,True
CNE100003662,300750,Contemporary Amperex Technology Co. Limited,Asia / Pacific,Asia / Pacific,CN,China,CN,China,SZSE,Shenzhen Stock Exchange,CNY,Chinese Yuan,Core,Large Cap,Industrials,Electrical Equipment,2026-08-26,2026-06-30,2026-10-20,After-Market,Estimated,2025-12-31,2026-07-01,2026-09-30,2026-12-31,2026-08-14,54,58,126,-57,34,-13,-239,264371.65,226194.43,100,100,100,100,100,100,24.0,0.0,0.0,379.0,564.1679,0.4583955271255039,0.03476322022864958,1.0,0.48856965699208454,552.731904780566,528.4961725891994,578.0920181564021,0.9153141968317676,1.2635673992753003,1.0,0.47054894885089604,0.18697904109500224,0.18426485629936531,0.4588459708753104,0.7954709176102724,0.99671875,0.9985,0.08972857390400175,0.11072892014638064,0.18697904109500224,2.4515877525149867,2.51658659759526,0.04674476027375056,9.806351010059947,0.018610493467785885,6efb530d5881,2026-08-27 03:27:53.469986+00:00,e73524306a17f3dea14a325c3f99ec064e335b1f,True
HK0000069689,1299,AIA Group Limited,Asia / Pacific,Asia / Pacific,HK,Hong Kong,HK,Hong Kong,SEHK,Hong Kong Stock Exchange,HKD,Hong Kong Dollar,Core,Large Cap,Financials,Insurance,2026-08-26,2026-06-30,2026-10-29,Pre-Market,Estimated,2025-12-31,2026-07-01,2026-09-30,2026-12-31,2026-08-14,63,58,126,-57,34,-13,-239,97527.79,112741.34,99,99,100,99,99,97,17.0,0.01,0.01,74.2,102.29,0.35771429165050056,0.0346778376216139,1.0,0.37857142857142856,100.74240044046714,95.97639137808846,105.67534513896442,0.8611344346955262,0.88930816181324,1.0,0.36473036216971927,0.14711513341064344,0.13994463283400999,0.35618624252434944,0.6186718634954546,0.99565625,0.99809375,0.09627479312057356,0.08053213800876881,0.14711513341064344,2.431526134378102,2.479217152674871,0.03677878335266086,9.726104537512407,0.018458201707922627,6efb530d5881,2026-08-27 03:27:53.469986+00:00,e73524306a17f3dea14a325c3f99ec064e335b1f,True
CNE000001QZ7,601166,Industrial Bank Co. Ltd.,Asia / Pacific,Asia / Pacific,CN,China,CN,China,SHSE,Shanghai Stock Exchange,CNY,Chinese Yuan,Value,Large Cap,Financials,Banks,2026-08-26,2026-03-31,2026-08-28,During-Market,Confirmed,2025-12-31,2026-04-01,2026-06-30,2026-12-31,2026-05-15,1,149,126,-148,-58,-104,-239,57334.77,,99,98,100,98,100,96,11.0,0.01,0.0,18.21,23.1582,0.24324887887156504,0.035526125118193704,1.0,0.27172981878088964,22.6395620842512,21.45494806082556,23.896469353270046,0.6638328880035776,0.5905925340847503,1.0,0.24642814949174402,0.10055478471449933,0.09048638847718027,0.24186936387289654,0.4175975760272576,0.9954375,0.99884375,0.10784313244923074,0.04980730742381684,0.10055478471449933,2.419068168284688,2.4506854665485722,0.025138696178624832,9.676272673138753,0.018363630793067336,6efb530d5881,2026-08-27 03:27:53.469986+00:00,e73524306a17f3dea14a325c3f99ec064e335b1f,True
US0533321024,AZO,AutoZone Inc.,United States and Canada,United States and Canada,US,United States,US,United States,NYSE,New York Stock Exchange,USD,US Dollar,Core,Large Cap,Consumer Discretionary,Specialty Retail,2026-08-26,2026-05-09,2026-09-22,Pre-Market,Confirmed,2025-08-31,2026-07-01,2026-08-09,2026-08-31,2026-06-23,26,110,4,-57,-18,-65,-361,48959.74,61651.63,99,99,96,96,95,95,23.0,0.01,0.05,2999.0,3950.5217,0.3167750689313556,0.024686373768514135,1.0,0.31727965988662876,3949.0084317251353,3809.1247488886074,4090.591393363273,0.9172065138369259,0.6822199114809947,1.0,0.3217817180485663,0.1312878894328393,0.11615472478253423,0.3170004209371242,0.5451889197777894,0.99503125,0.99846875,0.0712752705751266,0.06474007312767698,0.1312878894328393,2.4128277962256583,2.4509626854286104,0.03282197235820983,9.651311184902633,0.018316258879366925,6efb530d5881,2026-08-27 03:27:53.469986+00:00,e73524306a17f3dea14a325c3f99ec064e335b1f,True
FR0000120073,AI,L'Air Liquide S.A.,Europe,Europe,FR,France,FR,France,ENXTPA,Euronext Paris,EUR,Euro,Core,Large Cap,Materials,Chemicals,2026-08-26,2026-06-30,2026-10-23,n/a,Estimated,2025-12-31,2026-07-01,2026-09-30,2026-12-31,2026-08-14,57,58,126,-57,34,-13,-239,125114.06,143689.27,100,100,99,100,98,100,19.0,0.0,0.02,168.72,197.5,0.17324761238202682,0.015594686019367142,1.0,0.17057847321005215,197.95033716109555,193.04660695847284,202.88879030463175,0.8881363926830448,0.14476162118932906,0.81625,0.1750787999643127,0.07184490333319687,0.06172463531212678,0.17317222355126743,0.295366637648521,0.99265625,0.99859375,0.04972046770574163,0.029194666026926906,0.07184490333319687,2.4114113088656004,2.4368993740912344,0.01796122583329922,9.645645235462402,0.018305506040218286,6efb530d5881,2026-08-27 03:27:53.469986+00:00,e73524306a17f3dea14a325c3f99ec064e335b1f,True
FR0000121667,EL,EssilorLuxottica Société anonyme,Europe,Europe,FR,France,FR,France,ENXTPA,Euronext Paris,EUR,Euro,Core,Large Cap,Health Care,Health Care Equipment and Supplies,2026-08-26,2026-06-30,2026-10-16,After-Market,Estimated,2025-12-31,2026-07-01,2026-09-30,2026-12-31,2026-08-14,50,58,126,-57,34,-13,-239,85246.39,101669.55,99,99,99,99,97,98,23.0,0.01,0.03,159.2,243.3043,0.49903669537312584,0.049997008383666046,1.0,0.5282933417085429,238.64664190340162,224.06807681742657,254.06361014767523,0.8502941276642465,1.297102742767169,1.0,0.5091130785018075,0.20786710449508666,0.19535784046292967,0.4953838613500494,0.8703445368494673,0.99615625,0.9975625,0.1256901546613429,0.11672559735991767,0.20786710449508666,2.400748769678088,2.449223891093559,0.051966776123771666,9.602995078712352,0.01822456457047255,6efb530d5881,2026-08-27 03:27:53.469986+00:00,e73524306a17f3dea14a325c3f99ec064e335b1f,True
QA0006929895,QNBK,Qatar National Bank (Q.P.S.C.),Africa / Middle East,Africa / Middle East,QA,Qatar,QA,Qatar,DSM,Qatar Stock Exchange (Doha),QAR,Qatari Riyal,Core,Large Cap,Financials,Banks,2026-08-26,2026-06-30,2026-10-08,Pre-Market,Estimated,2025-12-31,2026-07-01,2026-09-30,2026-12-31,2026-08-14,42,58,126,-57,34,-13,-239,42494.56,,98,97,99,99,100,100,10.0,0.02,0.0,17.0,21.075,0.23795948195031025,0.024062745766430953,1.0,0.2397058823529412,21.045311193155275,20.281658879243416,21.81926658661075,0.8640223918644769,0.42987986524258565,1.0,0.24080937867299707,0.1009065263070235,0.08224759203622527,0.23561842449457665,0.4127035187320443,0.9929375,0.998375,0.07306177101659679,0.04019833870028071,0.1009065263070235,2.358216962362595,2.3864598999305335,0.025226631576755875,9.43286784945038,0.017901697105742357,6efb530d5881,2026-08-27 03:27:53.469986+00:00,e73524306a17f3dea14a325c3f99ec064e335b1f,True
CNE000000CG9,600690,Haier Smart Home Co. Ltd.,Asia / Pacific,Asia / Pacific,CN,China,CN,China,SHSE,Shanghai Stock Exchange,CNY,Chinese Yuan,Value,Large Cap,Consumer Discretionary,Household Durables,2026-08-26,2026-03-31,2026-08-27,After-Market,Confirmed,2025-12-31,2026-04-01,2026-06-30,2026-12-31,2026-05-15,0,149,126,-148,-58,-104,-239,27680.48,25449.93,98,98,99,99,99,100,17.0,0.02,0.01,21.15,26.8265,0.26820522511350436,0.03215152761846644,1.0,0.26839243498817966,26.822540511150613,25.564743045640583,28.120650398660842,0.7999189778468441,0.5802380781999448,1.0,0.27361306683144015,0.11463599743493424,0.09630718135474256,0.2675023050169112,0.4719061846020365,0.99396875,0.99871875,0.09528953277031021,0.049664184798521284,0.11463599743493424,2.339624822174499,2.3867988498703387,0.02865899935873356,9.358499288697995,0.017760560447196167,6efb530d5881,2026-08-27 03:27:53.469986+00:00,e73524306a17f3dea14a325c3f99ec064e335b1f,True
INE213A01029,ONGC,Oil and Natural Gas Corporation Limited,Asia / Pacific,Asia / Pacific,IN,India,IN,India,NSEI,National Stock Exchange of India,INR,Indian Rupee,Value,Large Cap,Energy,Oil Gas and Consumable Fuels,2026-08-26,2026-06-30,2026-11-13,During-Market,Estimated,2026-03-31,2026-07-01,2026-09-30,2027-03-31,2026-08-14,78,58,216,-57,34,-13,-149,30681.13,49266.26,98,95,99,98,99,98,30.0,0.02,0.01,232.21,294.7,0.25436358952741034,0.030037431011536355,1.0,0.2691098574566124,291.27576912416,278.24898166745714,304.5215988254543,0.7974808854782937,0.6377245520531655,1.0,0.25786989162357765,0.10898428499810206,0.08714690398374969,0.2530423727955335,0.44568278282681606,0.9940625,0.999375,0.09019843029509991,0.04549362769364085,0.10898428499810206,2.3339474083978256,2.3661199559924477,0.027246071249525515,9.335789633591302,0.017717462062528392,6efb530d5881,2026-08-27 03:27:53.469986+00:00,e73524306a17f3dea14a325c3f99ec064e335b1f,True
CNE100000F46,601668,China State Construction Engineering Corporation Limited,Asia / Pacific,Asia / Pacific,CN,China,CN,China,SHSE,Shanghai Stock Exchange,CNY,Chinese Yuan,Value,Large Cap,Industrials,Construction and Engineering,2026-08-26,2026-03-31,2026-08-29,During-Market,Confirmed,2025-12-31,2026-04-01,2026-06-30,2026-12-31,2026-05-15,2,149,126,-148,-58,-104,-239,27540.78,168143.47,98,98,99,99,99,100,8.0,0.02,0.01,4.48,5.9638,0.2772787129095156,0.05150494566118072,1.0,0.33120535714285704,5.72220863383463,5.294941931932487,6.1716018707253175,0.45420542644312595,0.7711323321193309,1.0,0.28208343864611574,0.11909164116214119,0.0971455651414305,0.2760231132038344,0.48696137299035797,0.99421875,0.99875,0.15320307155689167,0.0513102167391931,0.11909164116214119,2.3282802235633437,2.3686250008265826,0.029772910290535297,9.313120894253375,0.017674441327808755,6efb530d5881,2026-08-27 03:27:53.469986+00:00,e73524306a17f3dea14a325c3f99ec064e335b1f,True
US47215P1066,JD,JD.com Inc.,United States and Canada,Asia / Pacific,CN,China,US,United States,NasdaqGS,Nasdaq Global Select Market,USD,US Dollar,Core,Large Cap,Consumer Discretionary,Broadline Retail,2026-08-26,2026-06-30,2026-11-12,During-Market,Estimated,2025-12-31,2026-07-01,2026-09-30,2026-12-31,2026-08-14,77,58,126,-57,34,-13,-239,38666.88,25197.91,98,99,95,94,94,94,35.0,0.02,0.06,28.77,39.6658,0.3783770916617557,0.03298443572751101,1.0,0.37872088981578034,39.65590892710871,37.90290600263887,41.499291874821104,0.9010868424082552,0.9182333912371925,1.0,0.38997750307538104,0.16496149847575606,0.13497598032233699,0.380996659043148,0.6744414018699402,0.99425,0.99825,0.09068978544389758,0.07377932204174237,0.16496149847575606,2.29372971971011,2.3640516525296658,0.041240374618939014,9.17491887884044,0.01741216153561707,6efb530d5881,2026-08-27 03:27:53.469986+00:00,e73524306a17f3dea14a325c3f99ec064e335b1f,True
US8168511090,SRE,Sempra,United States and Canada,United States and Canada,US,United States,US,United States,NYSE,New York Stock Exchange,USD,US Dollar,Value,Large Cap,Utilities,Multi-Utilities,2026-08-26,2026-06-30,2026-11-04,Pre-Market,Estimated,2025-12-31,2026-07-01,2026-09-30,2026-12-31,2026-08-14,69,58,126,-57,34,-13,-239,55764.62,103001.62,99,99,96,94,95,93,17.0,0.01,0.05,85.28,104.3824,0.21889600238838125,0.0157889977107499,1.0,0.22399624765478432,103.94745108368116,101.47916158534343,106.45321984625792,0.9333699869403346,0.43328096833199514,1.0,0.22307776258041642,0.09546748592822811,0.07259660684807595,0.2188800785237256,0.38637596523951134,0.991875,0.9985,0.04785166167191735,0.03174901626471398,0.09546748592822811,2.292885376210137,2.33668835427514,0.023866871482057028,9.171541504840548,0.017405751955060673,6efb530d5881,2026-08-27 03:27:53.469986+00:00,e73524306a17f3dea14a325c3f99ec064e335b1f,True
INE481G01011,ULTRACEMCO,UltraTech Cement Limited,Asia / Pacific,Asia / Pacific,IN,India,IN,India,NSEI,National Stock Exchange of India,INR,Indian Rupee,Core,Large Cap,Materials,Construction Materials,2026-08-26,2026-06-30,2026-10-21,Pre-Market,Estimated,2026-03-31,2026-07-01,2026-09-30,2027-03-31,2026-08-14,55,58,216,-57,34,-13,-149,36200.48,38587.11,98,99,99,100,99,100,38.0,0.02,0.01,11717.0,13919.5263,0.19075270101391664,0.016598297279732947,1.0,0.18797698216266956,13952.049397780062,13593.098991738281,14324.55269622284,0.9062126926314356,0.1811219315588415,0.954625,0.19348234316644572,0.08394365015720681,0.060864340108692856,0.1908276325748856,0.335601295957005,0.9913125,0.99790625,0.05242625535721952,0.025676859028391955,0.08394365015720681,2.2723898788851984,2.3049074325943484,0.020985912539301703,9.089559515540794,0.017250166531412876,6efb530d5881,2026-08-27 03:27:53.469986+00:00,e73524306a17f3dea14a325c3f99ec064e335b1f,True
FR0010208488,ENGI,Engie SA,Europe,Europe,FR,France,FR,France,ENXTPA,Euronext Paris,EUR,Euro,Value,Large Cap,Utilities,Multi-Utilities,2026-08-26,2026-06-30,2026-11-05,Pre-Market,Confirmed,2025-12-31,2026-07-01,2026-09-30,2026-12-31,2026-08-14,70,58,126,-57,34,-13,-239,70722.55,145936.34,99,99,99,98,97,100,18.0,0.01,0.03,24.96,30.8611,0.22276359151680566,0.020264328591621434,1.0,0.2364222756410257,30.520179244259467,29.573570017772635,31.477944953983457,0.8966202957697451,0.3836822454186456,1.0,0.22822473174720107,0.09859132331194556,0.07538589501579174,0.22321855583552974,0.395723703363681,0.992125,0.9974375,0.06239723957614092,0.03441199215463769,0.09859132331194556,2.259464464352261,2.314856156510771,0.02464783082798639,9.037857857409044,0.017152047121864154,6efb530d5881,2026-08-27 03:27:53.469986+00:00,e73524306a17f3dea14a325c3f99ec064e335b1f,True
US5801351017,MCD,McDonald's Corporation,United States and Canada,United States and Canada,US,United States,US,United States,NYSE,New York Stock Exchange,USD,US Dollar,Value,Large Cap,Consumer Discretionary,Hotels Restaurants and Leisure,2026-08-26,2026-06-30,2026-11-02,During-Market,Estimated,2025-12-31,2026-07-01,2026-09-30,2026-12-31,2026-08-14,67,58,126,-57,34,-13,-239,188890.75,242672.75,100,100,99,99,99,99,31.0,0.0,0.01,266.93,315.3871,0.18374022209838337,0.020874251059228764,1.0,0.181534859326415,315.9757774847215,305.6312376477502,326.6531281110151,0.8428126279012371,0.18852779845468734,0.88725,0.18575529687569273,0.08229823329546239,0.057314143431991316,0.18288843015960699,0.324846555163135,0.9893125,0.99725,0.06653006958510103,0.02105652572974216,0.08229823329546239,2.232614416384004,2.2570994471874593,0.020574558323865597,8.930457665536016,0.016948223032022633,6efb530d5881,2026-08-27 03:27:53.469986+00:00,e73524306a17f3dea14a325c3f99ec064e335b1f,True
US11135F1012,AVGO,Broadcom Inc.,United States and Canada,United States and Canada,US,United States,US,United States,NasdaqGS,Nasdaq Global Select Market,USD,US Dollar,Growth,Large Cap,Information Technology,Semiconductors and Semiconductor Equipment,2026-08-26,2026-05-03,2026-09-02,After-Market,Confirmed,2025-11-30,2026-07-01,2026-08-03,2026-11-30,2026-06-17,6,116,95,-57,-24,-71,-270,1691747.94,1737026.94,100,100,100,100,100,100,45.0,0.0,0.0,355.59,528.7734,0.4699631815463693,0.02989179741458412,1.0,0.48703113135914977,522.7042077260735,502.9816913778425,543.3237839265033,0.9518202815592323,0.914302590869698,0.9975,0.4840906004226119,0.21053033353268905,0.16652570916583306,0.47035494371183595,0.8501915949138971,0.99371875,0.98890625,0.07717958254853456,0.08486766159987141,0.21053033353268905,2.232282510840169,2.2993864698715596,0.05263258338317226,8.929130043360676,0.016945703470587752,6efb530d5881,2026-08-27 03:27:53.469986+00:00,e73524306a17f3dea14a325c3f99ec064e335b1f,True
INE101A01026,MM,Mahindra & Mahindra Limited,Asia / Pacific,Asia / Pacific,IN,India,IN,India,NSEI,National Stock Exchange of India,INR,Indian Rupee,Core,Large Cap,Consumer Discretionary,Automobiles,2026-08-26,2026-06-30,2026-11-06,During-Market,Estimated,2026-03-31,2026-07-01,2026-09-30,2027-03-31,2026-08-14,71,58,216,-57,34,-13,-149,39886.29,50622.43,98,99,99,100,99,100,34.0,0.02,0.01,3398.2,4170.6471,0.2262993787098279,0.014339152624891369,1.0,0.22731066446942516,4167.210548731738,4074.9001512346013,4258.008991934542,0.9526600428110641,0.40188718913618526,1.0,0.23212599255407929,0.10174260263825413,0.07315144280910209,0.22803847625104048,0.40416395714788367,0.9900625,0.99771875,0.04394038615487489,0.029954185054769492,0.10174260263825413,2.2242342228499443,2.2815024044490326,0.025435650659563533,8.896936891399777,0.01688460730508632,6efb530d5881,2026-08-27 03:27:53.469986+00:00,e73524306a17f3dea14a325c3f99ec064e335b1f,True
TW0002330008,2330,Taiwan Semiconductor Manufacturing Company Limited,Asia / Pacific,Asia / Pacific,TW,Taiwan,TW,Taiwan,TWSE,Taiwan Stock Exchange,TWD,New Taiwan Dollar,Growth,Large Cap,Information Technology,Semiconductors and Semiconductor Equipment,2026-08-26,2026-06-30,2026-10-16,Pre-Market,Estimated,2025-12-31,2026-07-01,2026-09-30,2026-12-31,2026-08-14,50,58,126,-57,34,-13,-239,1964327.0,1888814.21,100,100,100,100,100,100,33.0,0.0,0.0,2415.0,3229.3333,0.3239139879089701,0.022078123421836657,1.0,0.3371980538302277,3197.2522808001627,3100.5907791896875,3300.3221117181547,0.9453529413291851,0.6201966874413773,1.0,0.33298431921748817,0.14576945117555823,0.10651911940104283,0.326094696111014,0.5849886712797492,0.992375,0.994375,0.06246968177265051,0.0500486019995634,0.14576945117555823,2.222097876453294,2.2843216910822877,0.03644236279388956,8.888391505813177,0.016868389871866157,6efb530d5881,2026-08-27 03:27:53.469986+00:00,e73524306a17f3dea14a325c3f99ec064e335b1f,True
MX01WA000038,WALMEX,Wal-Mart de México S.A.B. de C.V.,Latin America and Caribbean,Latin America and Caribbean,MX,Mexico,MX,Mexico,BMV,Bolsa Mexicana de Valores,MXN,Mexican Peso,Core,Large Cap,Consumer Staples,Consumer Staples Distribution and Retail,2026-08-26,2026-06-30,2026-10-27,After-Market,Confirmed,2025-12-31,2026-07-01,2026-09-30,2026-12-31,2026-08-14,61,58,126,-57,34,-13,-239,48725.76,51852.24,99,99,100,100,98,100,18.0,0.01,0.02,47.96,60.8167,0.25095820449159956,0.034109119016686396,1.0,0.2680713094245204,59.99595548741711,57.01372703899685,63.16279559428955,0.7635379609824678,0.632955469583346,1.0,0.2562028331488268,0.11328589769253754,0.07765197248040516,0.2520012204162338,0.4476804721658542,0.99040625,0.998125,0.10249138471646373,0.031764311674020565,0.11328589769253754,2.215264296821041,2.2615598090079274,0.028321474423134384,8.861057187284164,0.01681651480070985,6efb530d5881,2026-08-27 03:27:53.469986+00:00,e73524306a17f3dea14a325c3f99ec064e335b1f,True
CNE100003G67,300760,Shenzhen Mindray Bio-Medical Electronics Co. Ltd.,Asia / Pacific,Asia / Pacific,CN,China,CN,China,SZSE,Shenzhen Stock Exchange,CNY,Chinese Yuan,Core,Large Cap,Health Care,Health Care Equipment and Supplies,2026-08-26,2026-03-31,2026-08-29,After-Market,Confirmed,2025-12-31,2026-04-01,2026-06-30,2026-12-31,2026-05-15,2,149,126,-148,-58,-104,-239,28977.56,27041.93,98,98,99,99,99,100,17.0,0.02,0.01,161.05,229.1324,0.4262996582446848,0.04016171887128063,1.0,0.4227407637379694,229.7055599603065,217.64699958387425,242.01310610281624,0.8901839667138838,1.074056864233269,1.0,0.43653785109528725,0.19348018497037708,0.14500497063978524,0.4234106733704828,0.7722891494996504,0.99296875,0.9965625,0.10607538852412843,0.06755041113571818,0.19348018497037708,2.203324636628571,2.2562406127641634,0.04837004624259427,8.813298546514284,0.016725878449719928,6efb530d5881,2026-08-27 03:27:53.469986+00:00,e73524306a17f3dea14a325c3f99ec064e335b1f,True
BRAXIAACNOR0,AXIA3,AXIA Energia SA,Latin America and Caribbean,Latin America and Caribbean,BR,Brazil,BR,Brazil,BOVESPA,B3 - Brasil Bolsa Balcao,BRL,Brazilian Real,Core,Large Cap,Utilities,Electric Utilities,2026-08-25,2026-06-30,2026-11-04,Pre-Market,Confirmed,2025-12-31,2026-07-01,2026-09-30,2026-12-31,2026-08-14,69,58,126,-57,34,-13,-239,29881.46,40175.07,98,96,99,100,98,100,14.0,0.02,0.02,53.65,70.075,0.3010778845042444,0.024023749406694567,1.0,0.3061509785647718,69.8028285036527,67.4322141803103,72.25194382076185,0.9235325842954686,0.7129071344413206,1.0,0.3080832096165578,0.1369395071152702,0.09794508458993935,0.3001026078108519,0.5462618395017529,0.99221875,0.9980625,0.0690477698937278,0.04463917002329112,0.1369395071152702,2.1986196010681494,2.2497759492972738,0.03423487677881755,8.794478404272597,0.016690161582773966,6efb530d5881,2026-08-27 03:27:53.469986+00:00,e73524306a17f3dea14a325c3f99ec064e335b1f,True
KR7000270009,A000270,Kia Corporation,Asia / Pacific,Asia / Pacific,KR,South Korea,KR,South Korea,KOSE,Korea Stock Exchange (KRX),KRW,South Korean Won,Value,Large Cap,Consumer Discretionary,Automobiles,2026-08-26,2026-06-30,2026-10-26,During-Market,Estimated,2025-12-31,2026-07-01,2026-09-30,2026-12-31,2026-08-14,60,58,126,-57,34,-13,-239,36936.96,21534.38,98,99,99,100,100,100,30.0,0.02,0.0,131400.0,220566.6667,0.6500250926960491,0.040269925811497284,1.0,0.6785895487062406,216813.29718026085,206864.9359041971,226838.78119057216,0.9555585376638024,1.6966937195784306,1.0,0.6725298177522316,0.2977490666452825,0.23064490126063003,0.6496613075130258,1.194051118675445,0.99515625,0.99665625,0.0921246323271796,0.12917466912475326,0.2977490666452825,2.1831305804576835,2.2587134372227498,0.07443726666132063,8.732522321830734,0.01657258132622481,6efb530d5881,2026-08-27 03:27:53.469986+00:00,e73524306a17f3dea14a325c3f99ec064e335b1f,True
